Category,Name,Price,Reviews,URL
Electronics,,US$44.99,0,https://www.banggood.com/4MP-HD-WiFi-Solar-Powered-Camera-PTZ-Night-Vision-PIR-Human-Detect-Two-Way-Audio-7200mAh-Battery-Outdoors-Wireless-Security-CCTV-Camera-p-2041856.html?rmmds=ElectronicsFlashDeals&cur_warehouse=CN&ID=6287845
Electronics,,US$6.99,0,https://www.banggood.com/ABBREE-AR-771S-SMA-Female-Universal-Soft-Antenna-For-Baofeng-UV5R-UV5RH-BF888S-Quansheng-p-2036442.html?rmmds=ElectronicsFlashDeals&cur_warehouse=CN&ID=6308406
Electronics,,US$23.99,0,https://www.banggood.com/Chameleon-3_0-Smart-Card-Emulator-Compatible-with-NFC-Reader-Writer-RFID-Smart-Chip-ID-IC-Reader-Tag-Copyer-p-2041415.html?rmmds=ElectronicsFlashDeals&cur_warehouse=CN&ID=6287830
Electronics,,US$9.99,0,https://www.banggood.com/Laser-Engraving-Blank-Aluminum-Sheets-86x54x021mm-Smooth-Surface-for-Business-Cards-Gift-Cards-DIY-Projects-p-2043312.html?rmmds=ElectronicsFlashDeals&cur_warehouse=CN&ID=6287830
Electronics,,US$22.99,0,https://www.banggood.com/DC1018p-DC1036p-5V-or-9V-or-12V-Large-Capacity-UPS-For-Router-Mini-UPS-Uninterrupted-Power-Supply-DC1018p-or-DC1036p-Ion-Backup-Battery-p-2032635.html?rmmds=ElectronicsFlashDeals&cur_warehouse=CN&ID=471846332500
Electronics,,US$52.99,0,https://www.banggood.com/0_5-470MHz-RF-Signal-Generator-for-FM-Walkie-Talkie-Sensitivity-Test-with-CTCSS-and-800Hz-Modulation-120dBm-Accuracy-p-2036459.html?rmmds=ElectronicsFlashDeals&cur_warehouse=CN&ID=229
Electronics,,US$35.99,0,https://www.banggood.com/FNIRSI-FNB58-USB-QC-or-PD-Voltage-and-Current-Meter-Tester-Type-C-Multi-functional-Fast-Charging-Tester-HD-Screen-Display-Human-Computer-Interaction-Cable-Detection-Measure-Module-p-1969833.html?rmmds=ElectronicsFlashDeals&cur_warehouse=CN&ID=6321012
Electronics,,US$16.99,0,https://www.banggood.com/RANA-Z-Axis-Lift-Height-Adjuster-55mm-Stroke-Sheet-Metal-Design-Laser-Module-Focusing-Control-TT-5_5S-TTS-25-TTS-55-TTS-10-Engraving-Machine-Accessory-p-2040923.html?rmmds=ElectronicsFlashDeals&cur_warehouse=CN&ID=6287830
Electronics,,US$37.99,0,https://www.banggood.com/WG39-WiFi-IP-Camera-1080P-Full-Color-Night-Vision-IP66-Waterproof-Two-Way-Audio-Pan-Tilt-Control-AI-Motion-Monitoring-EU-Plug-Security-Camera-p-2035242.html?rmmds=ElectronicsFlashDeals&cur_warehouse=CN&ID=47184
Electronics,,US$299.99,0,https://www.banggood.com/AMNVOLT-ATR1000-1000W-1_8-30MHz-Automatic-Antenna-Tuner-HF-Shortwave-Radio-Tuner-Supports-WIFI-Remote-Control-For-YAESU-ICOM-p-2042560.html?rmmds=ElectronicsFlashDeals&cur_warehouse=CN&ID=6287830
Electronics,,US$29.99,0,"https://www.banggood.com/SCULPFUN-S9-Air-Assist-Nozzle-Kit-without-Air-Pump,High-Speed-Air-Assist,Full-Metal-Structure-p-1963500.html?rmmds=ElectronicsFlashDeals&cur_warehouse=CN&ID=0"
Electronics,,US$42.99,0,https://www.banggood.com/PGST-PG-103-Tuya-Wireless-Alarm-System-for-Home-Burglar-Security-WiFi-GSM-APP-Voice-Control-Support-Alexa-Google-Assistant-p-2004950.html?rmmds=ElectronicsFlashDeals&cur_warehouse=CN&ID=0
Electronics,,US$5.39,0,https://www.banggood.com/12V-or-24V-or-36V-or-48V-8-70V-LCD-Acid-Lead-3_7V-Lithium-Battery-Capacity-Indicator-Digital-Voltmeter-p-1326158.html?rmmds=ElectronicsFlashDeals&cur_warehouse=CN&ID=0
Electronics,,US$17.99,0,https://www.banggood.com/SCULPFUN-S9-or-S10-standard-limit-switch-Open-homing-positioning-function-Perfect-match-S9-or-S10-Easy-to-install-Direct-use-no-need-purchasing-additional-accessories-p-1974938.html?rmmds=ElectronicsFlashDeals&cur_warehouse=CN&ID=0
Electronics,,US$16.99,0,https://www.banggood.com/2-in-1-Version-WiFi-Function-Tuya-And-Smart-Life-Smoke-Detector-Sensor-and-Carbon-Monoxide-Co-Gas-Detector-Smoke-Fire-Sound-Alarm-p-1978139.html?rmmds=ElectronicsFlashDeals&cur_warehouse=CN&ID=6327276
Electronics,,US$5.99,0,https://www.banggood.com/ABBREE-AR-806-AR-806+-Dual-Band-Mini-Antenna-136-174MHz-400-480MHz-SMA-Female-High-Gain-for-Baofeng-UV-5R-BF-888S-Walkie-Talkie-p-2028878.html?rmmds=ElectronicsFlashDeals&cur_warehouse=CN&ID=6331085
Electronics,,US$7.99,0,https://www.banggood.com/Anti-lose-Tracker-for-iOS-Airtag-Replacement-via-Find-My-Bluetooth-GPS-Tracker-for-Luggage-iOS-MFi-Key-Finder-p-2033271.html?rmmds=ElectronicsFlashDeals&cur_warehouse=CN&ID=6327276
Electronics,,US$5.49,0,https://www.banggood.com/ABBREE-AR-805S-Dual-Band-Antenna-144MHz-430MHz-10W-SMA-Female-Connector-High-Gain-Compact-Design-for-Handheld-Radios-p-2028877.html?rmmds=ElectronicsFlashDeals&cur_warehouse=CN&ID=527743
Electronics,,US$5.49,0,https://www.banggood.com/BAOFENG-2-Pins-Plug-USB-Programming-Cable-for-Walkie-Talkie-for-UV-5R-serise-BF-888S-Walkie-Talkie-Accessories-p-1738108.html?rmmds=ElectronicsFlashDeals&cur_warehouse=CN&ID=0
Electronics,,US$3.59,0,https://www.banggood.com/8_5-x-5_5cm-400-Tie-Points-400-Holes-Solderless-Breadboard-Bread-Board-p-91872.html?rmmds=ElectronicsFlashDeals&cur_warehouse=CN&ID=0
Electronics,,US$5.49,0,https://www.banggood.com/ABBREE-AR-188-SMA-Female-Tactical-Antenna-Dual-Band-25W-UHF-or-VHF-136-174MHz-400-520MHz-High-Gain-Compatible-With-Baofeng-Radios-Enhanced-Signal-Reception-p-2031219.html?rmmds=ElectronicsFlashDeals&cur_warehouse=CN&ID=0
Electronics,,US$6.99,0,https://www.banggood.com/ABBREE-AR-795-Walkie-Talkie-Antenna-UV-795-Dual-Band-High-Gain-SMA-Female-V-or-UHF-Antenna-for-Baofeng-UV-5R-UV-32-UV-21-PRO-Quansheng-K5-TK11-p-2039743.html?rmmds=ElectronicsFlashDeals&cur_warehouse=CN&ID=6334679
Electronics,,US$24.99,0,https://www.banggood.com/Contactless-Smart-Card-Emulator-ID-IC-Chip-Detect-Card-RFID-Tag-Emulator-Compliant-with-NFC-Reading-Writer-p-2041048.html?rmmds=ElectronicsFlashDeals&cur_warehouse=CN&ID=530695
Electronics,,US$5.99,0,https://www.banggood.com/Two-Way-Radio-Walkie-Talkie-2-Pin-Radio-Handheld-Microphone-Speaker-for-Motorola-BAOFENG-PUXING-p-1288856.html?rmmds=ElectronicsFlashDeals&cur_warehouse=CN&ID=0
Electronics,,US$12.99,0,https://www.banggood.com/Signal-Amplifier-100k-6GHz-Full-Band-Low-Noise-9037BAT-LNA-RF-Amplifier-High-Linearity-Ultra-Low-Noise-Gain-Block-Amplifier-p-2012844.html?rmmds=ElectronicsFlashDeals&cur_warehouse=CN&ID=0
Electronics,,US$15.77,0,https://www.banggood.com/JYETech-DSO183-DIY-Oscilloscope-Kit-500KHz-ADC-Built-in-Signal-Generator-Waveform-Display-for-Electronic-Competition-Training-p-2035976.html?rmmds=ElectronicsFlashDeals&cur_warehouse=CN&ID=6321524
Electronics,,US$28.70,0,https://www.banggood.com/Donut-AM-MW-or-SW-Mini-Loop-Antenna+High-Resistance-Amplifier-Kit-for-HFDY-Malahiteam-DSP-DSP2-Receiver-HF-Middle-Wave-p-1997437.html?rmmds=ElectronicsFlashDeals&cur_warehouse=CN&ID=0
Electronics,,US$264.99,0,https://www.banggood.com/Hohem-M7-iSteady-M7-Cell-Phone-Gimbal-Stabilizer-3-axis-Anti-Shake-Stands-Extendable-Selfie-Stick-for-Live-Vlog-p-2029635.html?rmmds=ElectronicsFlashDeals&cur_warehouse=CN&ID=6331384
Electronics,,US$9.59,0,https://www.banggood.com/KEWEISI-KWS-1902L-Type-C-Tester-4-30V-0-8A-Power-Meter-USB-Fast-Charging-Monitor-Bidirectional-Testing-TFT-Display-High-Precision-Voltage-Current-Measurement-p-2041769.html?rmmds=ElectronicsFlashDeals&cur_warehouse=CN&ID=6287845
Electronics,,US$10.99,0,https://www.banggood.com/5Pcs-LM2596-DC-DC-Voltage-Regulator-Adjustable-Step-Down-Power-Supply-Module-With-Display-p-1180685.html?rmmds=ElectronicsFlashDeals&cur_warehouse=CN&ID=0
Electronics,,US$8.99,0,https://www.banggood.com/XY6020L-6-70V-CNC-Adjustable-Stabilized-Voltage-Power-Supply-Constant-Voltage-Constant-Current-20A-or-1200W-Buck-Module-p-1995536.html?rmmds=ElectronicsFlashDeals&cur_warehouse=CN&ID=6336066
Electronics,,US$114.99,0,https://www.banggood.com/LILYGO-T-Deck-Pro-ESP32-S3-Development-Board-4G-or-PCM5102A-or-LoRa-or-GPS-E-Paper-Touchscreen-QWIIC-Interface-IoT-Communication-Device-p-2036455.html?rmmds=ElectronicsFlashDeals&cur_warehouse=CN&ID=63241736333564
Electronics,,US$9.99,0,https://www.banggood.com/6-Digits-DIY-Clock-Kit-Auto-Display-Time-DIY-Alarm-Clock-Soldering-Practice-Kit-for-Students-and-Diyers-DC4_5V-5_5V-p-2009342.html?rmmds=ElectronicsFlashDeals&cur_warehouse=CN&ID=6314576
Electronics,,US$95.99,0,https://www.banggood.com/HackRF-One-Bareboard-NewMayhem-Firmware-V1_7_3-Hackrf-One-1MHz-6GHz-Software-Defined-Radio-p-1998396.html?rmmds=ElectronicsFlashDeals&cur_warehouse=CN&ID=0
Electronics,,US$39.99,0,https://www.banggood.com/1003L-10-inch-IPS-Digital-Picture-Frame-1280x800-HD-Photo-Video-Player-Remote-Control-Calendar-Clock-Plug-and-Play-SD-or-USB-Wall-Mount-Home-Decor-Gift-for-Family-p-2032652.html?rmmds=ElectronicsFlashDeals&cur_warehouse=CN&ID=471846287845
Electronics,,US$8.99,0,https://www.banggood.com/Electromagnetic-DIY-Electronic-Kit-Long-range-Projectile-High-voltage-Coil-Booster-Circuit-Board-Production-Welding-Electronic-Science-Experiment-p-2011151.html?rmmds=ElectronicsFlashDeals&cur_warehouse=CN&ID=6309505
Electronics,,US$12.59,0,https://www.banggood.com/Geekcreit-DIY-Radio-Electronic-Kit-Parts-51-Single-chip-FM-Digital-Sound-Machine-p-1982860.html?rmmds=ElectronicsFlashDeals&cur_warehouse=CN&ID=0
Electronics,,US$15.99,0,https://www.banggood.com/LILYGO-T-Display-S3-ESP32-S3-1_9-inch-ST7789-LCD-Display-Development-Board-WIFI-Bluetooth5_0-Wireless-Module-170+320-Resolution-p-1993268.html?rmmds=ElectronicsFlashDeals&cur_warehouse=CN&ID=6320854
Electronics,,US$59.99,0,https://www.banggood.com/AlgoLaser-Simple-Rotary-Roller-Plug-and-Play-for-5-100mm-Diameter-Objects-Laser-Engraving-Parts-Accessory-p-2037010.html?rmmds=ElectronicsFlashDeals&cur_warehouse=CN&ID=6287830
Electronics,,US$35.99,0,https://www.banggood.com/RIDEN-RD6018-RD6018W-RD6024-RD6024W-RD6030-Digital-Switching-Power-Supply-Case-S800-Shell-For-Voltage-Converter-p-1995241.html?rmmds=ElectronicsFlashDeals&cur_warehouse=CN&ID=6323987
Electronics,,US$80.95,0,https://www.banggood.com/ST-15B-87-108MHz-15W-FM-Broadcast-Transmitter-Stereo-PLL-FM-Radio-Broadcast-Station-p-2043154.html?rmmds=ElectronicsFlashDeals&cur_warehouse=CN&ID=6333530
Electronics,,US$38.45,0,https://www.banggood.com/Sipeed-NanoKVM-PiKVM-Mini-Remote-Control-Server-1080P-60fps-RISC-V-USB-OLED-Display-Development-Board-p-2032971.html?rmmds=ElectronicsFlashDeals&cur_warehouse=CN&ID=6332583
Electronics,,US$27.59,0,https://www.banggood.com/RF-2-in-1-IoT-Module-for-M5Stack-StickCPlus-StickC-Plus-Extension-with-NRF24-2_4GHz-and-CC1101-433MHz-Support-Bruce-Firmware-p-2038692.html?rmmds=ElectronicsFlashDeals&cur_warehouse=CN&ID=6300084
Electronics,,US$30.99,0,https://www.banggood.com/NITECORE-BB-nano-40000RPM-Electric-Camera-Air-Blower-Mini-High-speed-Cordless-Vacuum-Cleaner-Len-Sensor-Duster-for-Cameras-Keyboard-Anime-Car-Pet-p-2008799.html?rmmds=ElectronicsFlashDeals&cur_warehouse=CN&ID=0
Electronics,,US$13.91,0,https://www.banggood.com/High-Impedance-Amplifier-for-SDR-Walkie-Talkie-Small-Loop-Antenna-HackRF-One-Donut-Antenna-p-1997436.html?rmmds=ElectronicsFlashDeals&cur_warehouse=CN&ID=6287830
Electronics,,US$102.39,0,https://www.banggood.com/RIDEN-1500W-AC110V-or-220V-to-DC-68V-Regulated-Switching-Power-Supply-for-RD6018-RD6024-RD6030-p-1995203.html?rmmds=ElectronicsFlashDeals&cur_warehouse=CN&ID=0
Electronics,,US$53.99,0,https://www.banggood.com/Graphics-Card-Docking-Station-Video-Card-Dock-Station-Beast-Oculink-PCI-E-4_0-X4-Laptop-for-Oculink-Interface-p-2007344.html?rmmds=ElectronicsFlashDeals&cur_warehouse=CN&ID=6325495
Electronics,,US$33.99,0,https://www.banggood.com/2_4GHz-Microwave-RF-Power-Amplifier-Module-10W-Output-40dB-Gain-High-Frequency-Amplifier-Board-for-Wireless-Communication-Systems-p-2024404.html?rmmds=ElectronicsFlashDeals&cur_warehouse=CN&ID=6329856
Electronics,,N/A,0,https://www.banggood.com/Geekcreit-DIY-Mini-Tesla-Coil-Module-Unassembled-15W-DC-15-24V-2A-Plasma-Speaker-Electronic-Kit-p-1998761.html?rmmds=ElectronicsFlashDeals
Electronics,,N/A,0,https://www.banggood.com/Geekcreit-6DOF-MPU-6050-3-Axis-Gyro-With-Accelerometer-Sensor-Module-p-80862.html?rmmds=ElectronicsFlashDeals
Electronics,,N/A,0,https://www.banggood.com/Geekcreit-ATmega328P-Nano-V3-Controller-Board-Improved-Version-Module-Development-Board-p-940937.html?rmmds=ElectronicsFlashDeals
Electronics,,N/A,0,https://www.banggood.com/AD-109-Magnetic-Mount-Mobile-Antenna-Dual-Band-VHF-UHF-136-174MHz-400-520MHz-High-Gain-5M-Cable-for-Baofeng-UV-5R-UV-5RH-Ham-Radio-p-2039747.html?rmmds=ElectronicsFlashDeals
Electronics,,N/A,0,https://www.banggood.com/ABBREE-KF-106-Wireless-Key-Finder-RF-Key-Locator-Anti-loss-Devices-Pet-Wallet-Tracker-Remote-Control-1-RF-Transmitter-6-Receiver-for-Child-and-Old-p-2041261.html?rmmds=ElectronicsFlashDeals
Electronics,,N/A,0,https://www.banggood.com/ABBREE-AR-243-SMA-Female-Mini-Antenna-UHF-400-480MHz-Short-Small-Antenna-for-Walkie-Talkie-Baofeng-BF-888S-UV5R-UV-21-PRO-p-2030747.html?rmmds=ElectronicsFlashDeals
Electronics,,N/A,0,https://www.banggood.com/Artillery-Hotend-Assembly-for-SW-X3-or-SW-X4-p-2035723.html?rmmds=ElectronicsFlashDeals
Electronics,,N/A,0,https://www.banggood.com/Artillery-Mainboard-For-SW-X3-Plus-p-2035724.html?rmmds=ElectronicsFlashDeals
Electronics,,N/A,0,https://www.banggood.com/Artillery-X4-Plus-or-X4-Pro-Cable-Harness-3D-Printer-Accessory-p-2037013.html?rmmds=ElectronicsFlashDeals
Electronics,,N/A,0,https://www.banggood.com/DALY-Bluetooth-WiFi+BT-Module-APP-Control-Accessories-for-Lithium-Battery-Protection-Board-p-2015635.html?rmmds=ElectronicsFlashDeals
Electronics,,N/A,0,https://www.banggood.com/Daly-BMS-LiFePO4-Smart-Board-Iron-Lithium-Battery-Protection-Board-with-Balance+bluetooth+RS485+CAN-M-type-4~24-Series-with-Parallel-Module-3_65V-p-2017990.html?rmmds=ElectronicsFlashDeals
Electronics,,N/A,0,https://www.banggood.com/DALY-YH-YK-YM-Battery-Management-System-7-17S-Li-ion-LiFePO4-48V60V-Smart-Bluetooth-Version-BMS-High-Current-Protection-Module-p-2040986.html?rmmds=ElectronicsFlashDeals
Electronics,,US$44.99,0,https://www.banggood.com/4MP-HD-WiFi-Solar-Powered-Camera-PTZ-Night-Vision-PIR-Human-Detect-Two-Way-Audio-7200mAh-Battery-Outdoors-Wireless-Security-CCTV-Camera-p-2041856.html?rmmds=ElectronicsFlashDeals&cur_warehouse=CN&ID=6287845
Electronics,,US$6.99,0,https://www.banggood.com/ABBREE-AR-771S-SMA-Female-Universal-Soft-Antenna-For-Baofeng-UV5R-UV5RH-BF888S-Quansheng-p-2036442.html?rmmds=ElectronicsFlashDeals&cur_warehouse=CN&ID=6308406
Electronics,,US$23.99,0,https://www.banggood.com/Chameleon-3_0-Smart-Card-Emulator-Compatible-with-NFC-Reader-Writer-RFID-Smart-Chip-ID-IC-Reader-Tag-Copyer-p-2041415.html?rmmds=ElectronicsFlashDeals&cur_warehouse=CN&ID=6287830
Electronics,,US$9.99,0,https://www.banggood.com/Laser-Engraving-Blank-Aluminum-Sheets-86x54x021mm-Smooth-Surface-for-Business-Cards-Gift-Cards-DIY-Projects-p-2043312.html?rmmds=ElectronicsFlashDeals&cur_warehouse=CN&ID=6287830
Electronics,,US$42.99,0,https://www.banggood.com/PGST-PG-103-Tuya-Wireless-Alarm-System-for-Home-Burglar-Security-WiFi-GSM-APP-Voice-Control-Support-Alexa-Google-Assistant-p-2004950.html?rmmds=ElectronicsFlashDeals&cur_warehouse=CN&ID=0
Electronics,,US$52.99,0,https://www.banggood.com/0_5-470MHz-RF-Signal-Generator-for-FM-Walkie-Talkie-Sensitivity-Test-with-CTCSS-and-800Hz-Modulation-120dBm-Accuracy-p-2036459.html?rmmds=ElectronicsFlashDeals&cur_warehouse=CN&ID=229
Electronics,,US$35.99,0,https://www.banggood.com/FNIRSI-FNB58-USB-QC-or-PD-Voltage-and-Current-Meter-Tester-Type-C-Multi-functional-Fast-Charging-Tester-HD-Screen-Display-Human-Computer-Interaction-Cable-Detection-Measure-Module-p-1969833.html?rmmds=ElectronicsFlashDeals&cur_warehouse=CN&ID=6321012
Electronics,,US$16.99,0,https://www.banggood.com/RANA-Z-Axis-Lift-Height-Adjuster-55mm-Stroke-Sheet-Metal-Design-Laser-Module-Focusing-Control-TT-5_5S-TTS-25-TTS-55-TTS-10-Engraving-Machine-Accessory-p-2040923.html?rmmds=ElectronicsFlashDeals&cur_warehouse=CN&ID=6287830
Electronics,,US$22.99,0,https://www.banggood.com/DC1018p-DC1036p-5V-or-9V-or-12V-Large-Capacity-UPS-For-Router-Mini-UPS-Uninterrupted-Power-Supply-DC1018p-or-DC1036p-Ion-Backup-Battery-p-2032635.html?rmmds=ElectronicsFlashDeals&cur_warehouse=CN&ID=471846332500
Electronics,,US$299.99,0,https://www.banggood.com/AMNVOLT-ATR1000-1000W-1_8-30MHz-Automatic-Antenna-Tuner-HF-Shortwave-Radio-Tuner-Supports-WIFI-Remote-Control-For-YAESU-ICOM-p-2042560.html?rmmds=ElectronicsFlashDeals&cur_warehouse=CN&ID=6287830
Electronics,,US$29.99,0,"https://www.banggood.com/SCULPFUN-S9-Air-Assist-Nozzle-Kit-without-Air-Pump,High-Speed-Air-Assist,Full-Metal-Structure-p-1963500.html?rmmds=ElectronicsFlashDeals&cur_warehouse=CN&ID=0"
Electronics,,US$37.99,0,https://www.banggood.com/WG39-WiFi-IP-Camera-1080P-Full-Color-Night-Vision-IP66-Waterproof-Two-Way-Audio-Pan-Tilt-Control-AI-Motion-Monitoring-EU-Plug-Security-Camera-p-2035242.html?rmmds=ElectronicsFlashDeals&cur_warehouse=CN&ID=47184
Electronics,,US$5.39,0,https://www.banggood.com/12V-or-24V-or-36V-or-48V-8-70V-LCD-Acid-Lead-3_7V-Lithium-Battery-Capacity-Indicator-Digital-Voltmeter-p-1326158.html?rmmds=ElectronicsFlashDeals&cur_warehouse=CN&ID=0
Electronics,,US$17.99,0,https://www.banggood.com/SCULPFUN-S9-or-S10-standard-limit-switch-Open-homing-positioning-function-Perfect-match-S9-or-S10-Easy-to-install-Direct-use-no-need-purchasing-additional-accessories-p-1974938.html?rmmds=ElectronicsFlashDeals&cur_warehouse=CN&ID=0
Electronics,,US$16.99,0,https://www.banggood.com/2-in-1-Version-WiFi-Function-Tuya-And-Smart-Life-Smoke-Detector-Sensor-and-Carbon-Monoxide-Co-Gas-Detector-Smoke-Fire-Sound-Alarm-p-1978139.html?rmmds=ElectronicsFlashDeals&cur_warehouse=CN&ID=6327276
Electronics,,US$5.99,0,https://www.banggood.com/ABBREE-AR-806-AR-806+-Dual-Band-Mini-Antenna-136-174MHz-400-480MHz-SMA-Female-High-Gain-for-Baofeng-UV-5R-BF-888S-Walkie-Talkie-p-2028878.html?rmmds=ElectronicsFlashDeals&cur_warehouse=CN&ID=6331085
Electronics,,US$7.99,0,https://www.banggood.com/Anti-lose-Tracker-for-iOS-Airtag-Replacement-via-Find-My-Bluetooth-GPS-Tracker-for-Luggage-iOS-MFi-Key-Finder-p-2033271.html?rmmds=ElectronicsFlashDeals&cur_warehouse=CN&ID=6327276
Electronics,,US$5.49,0,https://www.banggood.com/ABBREE-AR-805S-Dual-Band-Antenna-144MHz-430MHz-10W-SMA-Female-Connector-High-Gain-Compact-Design-for-Handheld-Radios-p-2028877.html?rmmds=ElectronicsFlashDeals&cur_warehouse=CN&ID=527743
Electronics,,US$5.49,0,https://www.banggood.com/BAOFENG-2-Pins-Plug-USB-Programming-Cable-for-Walkie-Talkie-for-UV-5R-serise-BF-888S-Walkie-Talkie-Accessories-p-1738108.html?rmmds=ElectronicsFlashDeals&cur_warehouse=CN&ID=0
Electronics,,US$3.59,0,https://www.banggood.com/8_5-x-5_5cm-400-Tie-Points-400-Holes-Solderless-Breadboard-Bread-Board-p-91872.html?rmmds=ElectronicsFlashDeals&cur_warehouse=CN&ID=0
Electronics,,US$5.49,0,https://www.banggood.com/ABBREE-AR-188-SMA-Female-Tactical-Antenna-Dual-Band-25W-UHF-or-VHF-136-174MHz-400-520MHz-High-Gain-Compatible-With-Baofeng-Radios-Enhanced-Signal-Reception-p-2031219.html?rmmds=ElectronicsFlashDeals&cur_warehouse=CN&ID=0
Electronics,,US$6.99,0,https://www.banggood.com/ABBREE-AR-795-Walkie-Talkie-Antenna-UV-795-Dual-Band-High-Gain-SMA-Female-V-or-UHF-Antenna-for-Baofeng-UV-5R-UV-32-UV-21-PRO-Quansheng-K5-TK11-p-2039743.html?rmmds=ElectronicsFlashDeals&cur_warehouse=CN&ID=6334679
Electronics,,US$24.99,0,https://www.banggood.com/Contactless-Smart-Card-Emulator-ID-IC-Chip-Detect-Card-RFID-Tag-Emulator-Compliant-with-NFC-Reading-Writer-p-2041048.html?rmmds=ElectronicsFlashDeals&cur_warehouse=CN&ID=530695
Electronics,,US$5.99,0,https://www.banggood.com/Two-Way-Radio-Walkie-Talkie-2-Pin-Radio-Handheld-Microphone-Speaker-for-Motorola-BAOFENG-PUXING-p-1288856.html?rmmds=ElectronicsFlashDeals&cur_warehouse=CN&ID=0
Electronics,,US$12.99,0,https://www.banggood.com/Signal-Amplifier-100k-6GHz-Full-Band-Low-Noise-9037BAT-LNA-RF-Amplifier-High-Linearity-Ultra-Low-Noise-Gain-Block-Amplifier-p-2012844.html?rmmds=ElectronicsFlashDeals&cur_warehouse=CN&ID=0
Electronics,,US$15.77,0,https://www.banggood.com/JYETech-DSO183-DIY-Oscilloscope-Kit-500KHz-ADC-Built-in-Signal-Generator-Waveform-Display-for-Electronic-Competition-Training-p-2035976.html?rmmds=ElectronicsFlashDeals&cur_warehouse=CN&ID=6321524
Electronics,,US$28.70,0,https://www.banggood.com/Donut-AM-MW-or-SW-Mini-Loop-Antenna+High-Resistance-Amplifier-Kit-for-HFDY-Malahiteam-DSP-DSP2-Receiver-HF-Middle-Wave-p-1997437.html?rmmds=ElectronicsFlashDeals&cur_warehouse=CN&ID=0
Electronics,,US$264.99,0,https://www.banggood.com/Hohem-M7-iSteady-M7-Cell-Phone-Gimbal-Stabilizer-3-axis-Anti-Shake-Stands-Extendable-Selfie-Stick-for-Live-Vlog-p-2029635.html?rmmds=ElectronicsFlashDeals&cur_warehouse=CN&ID=6331384
Electronics,,US$9.59,0,https://www.banggood.com/KEWEISI-KWS-1902L-Type-C-Tester-4-30V-0-8A-Power-Meter-USB-Fast-Charging-Monitor-Bidirectional-Testing-TFT-Display-High-Precision-Voltage-Current-Measurement-p-2041769.html?rmmds=ElectronicsFlashDeals&cur_warehouse=CN&ID=6287845
Electronics,,US$10.99,0,https://www.banggood.com/5Pcs-LM2596-DC-DC-Voltage-Regulator-Adjustable-Step-Down-Power-Supply-Module-With-Display-p-1180685.html?rmmds=ElectronicsFlashDeals&cur_warehouse=CN&ID=0
Electronics,,US$8.99,0,https://www.banggood.com/XY6020L-6-70V-CNC-Adjustable-Stabilized-Voltage-Power-Supply-Constant-Voltage-Constant-Current-20A-or-1200W-Buck-Module-p-1995536.html?rmmds=ElectronicsFlashDeals&cur_warehouse=CN&ID=6336066
Electronics,,US$114.99,0,https://www.banggood.com/LILYGO-T-Deck-Pro-ESP32-S3-Development-Board-4G-or-PCM5102A-or-LoRa-or-GPS-E-Paper-Touchscreen-QWIIC-Interface-IoT-Communication-Device-p-2036455.html?rmmds=ElectronicsFlashDeals&cur_warehouse=CN&ID=63241736333564
Electronics,,US$9.99,0,https://www.banggood.com/6-Digits-DIY-Clock-Kit-Auto-Display-Time-DIY-Alarm-Clock-Soldering-Practice-Kit-for-Students-and-Diyers-DC4_5V-5_5V-p-2009342.html?rmmds=ElectronicsFlashDeals&cur_warehouse=CN&ID=6314576
Electronics,,US$95.99,0,https://www.banggood.com/HackRF-One-Bareboard-NewMayhem-Firmware-V1_7_3-Hackrf-One-1MHz-6GHz-Software-Defined-Radio-p-1998396.html?rmmds=ElectronicsFlashDeals&cur_warehouse=CN&ID=0
Electronics,,US$39.99,0,https://www.banggood.com/1003L-10-inch-IPS-Digital-Picture-Frame-1280x800-HD-Photo-Video-Player-Remote-Control-Calendar-Clock-Plug-and-Play-SD-or-USB-Wall-Mount-Home-Decor-Gift-for-Family-p-2032652.html?rmmds=ElectronicsFlashDeals&cur_warehouse=CN&ID=471846287845
Electronics,,US$8.99,0,https://www.banggood.com/Electromagnetic-DIY-Electronic-Kit-Long-range-Projectile-High-voltage-Coil-Booster-Circuit-Board-Production-Welding-Electronic-Science-Experiment-p-2011151.html?rmmds=ElectronicsFlashDeals&cur_warehouse=CN&ID=6309505
Electronics,,US$12.59,0,https://www.banggood.com/Geekcreit-DIY-Radio-Electronic-Kit-Parts-51-Single-chip-FM-Digital-Sound-Machine-p-1982860.html?rmmds=ElectronicsFlashDeals&cur_warehouse=CN&ID=0
Electronics,,US$15.99,0,https://www.banggood.com/LILYGO-T-Display-S3-ESP32-S3-1_9-inch-ST7789-LCD-Display-Development-Board-WIFI-Bluetooth5_0-Wireless-Module-170+320-Resolution-p-1993268.html?rmmds=ElectronicsFlashDeals&cur_warehouse=CN&ID=6320854
Electronics,,US$59.99,0,https://www.banggood.com/AlgoLaser-Simple-Rotary-Roller-Plug-and-Play-for-5-100mm-Diameter-Objects-Laser-Engraving-Parts-Accessory-p-2037010.html?rmmds=ElectronicsFlashDeals&cur_warehouse=CN&ID=6287830
Electronics,,US$35.99,0,https://www.banggood.com/RIDEN-RD6018-RD6018W-RD6024-RD6024W-RD6030-Digital-Switching-Power-Supply-Case-S800-Shell-For-Voltage-Converter-p-1995241.html?rmmds=ElectronicsFlashDeals&cur_warehouse=CN&ID=6323987
Electronics,,US$80.95,0,https://www.banggood.com/ST-15B-87-108MHz-15W-FM-Broadcast-Transmitter-Stereo-PLL-FM-Radio-Broadcast-Station-p-2043154.html?rmmds=ElectronicsFlashDeals&cur_warehouse=CN&ID=6333530
Electronics,,US$38.45,0,https://www.banggood.com/Sipeed-NanoKVM-PiKVM-Mini-Remote-Control-Server-1080P-60fps-RISC-V-USB-OLED-Display-Development-Board-p-2032971.html?rmmds=ElectronicsFlashDeals&cur_warehouse=CN&ID=6332583
Electronics,,US$27.59,0,https://www.banggood.com/RF-2-in-1-IoT-Module-for-M5Stack-StickCPlus-StickC-Plus-Extension-with-NRF24-2_4GHz-and-CC1101-433MHz-Support-Bruce-Firmware-p-2038692.html?rmmds=ElectronicsFlashDeals&cur_warehouse=CN&ID=6300084
Electronics,,US$30.99,0,https://www.banggood.com/NITECORE-BB-nano-40000RPM-Electric-Camera-Air-Blower-Mini-High-speed-Cordless-Vacuum-Cleaner-Len-Sensor-Duster-for-Cameras-Keyboard-Anime-Car-Pet-p-2008799.html?rmmds=ElectronicsFlashDeals&cur_warehouse=CN&ID=0
Electronics,,US$13.91,0,https://www.banggood.com/High-Impedance-Amplifier-for-SDR-Walkie-Talkie-Small-Loop-Antenna-HackRF-One-Donut-Antenna-p-1997436.html?rmmds=ElectronicsFlashDeals&cur_warehouse=CN&ID=6287830
Electronics,,US$102.39,0,https://www.banggood.com/RIDEN-1500W-AC110V-or-220V-to-DC-68V-Regulated-Switching-Power-Supply-for-RD6018-RD6024-RD6030-p-1995203.html?rmmds=ElectronicsFlashDeals&cur_warehouse=CN&ID=0
Electronics,,US$53.99,0,https://www.banggood.com/Graphics-Card-Docking-Station-Video-Card-Dock-Station-Beast-Oculink-PCI-E-4_0-X4-Laptop-for-Oculink-Interface-p-2007344.html?rmmds=ElectronicsFlashDeals&cur_warehouse=CN&ID=6325495
Electronics,,US$33.99,0,https://www.banggood.com/2_4GHz-Microwave-RF-Power-Amplifier-Module-10W-Output-40dB-Gain-High-Frequency-Amplifier-Board-for-Wireless-Communication-Systems-p-2024404.html?rmmds=ElectronicsFlashDeals&cur_warehouse=CN&ID=6329856
Electronics,,N/A,0,https://www.banggood.com/Geekcreit-DIY-Mini-Tesla-Coil-Module-Unassembled-15W-DC-15-24V-2A-Plasma-Speaker-Electronic-Kit-p-1998761.html?rmmds=ElectronicsFlashDeals
Electronics,,N/A,0,https://www.banggood.com/Geekcreit-6DOF-MPU-6050-3-Axis-Gyro-With-Accelerometer-Sensor-Module-p-80862.html?rmmds=ElectronicsFlashDeals
Electronics,,N/A,0,https://www.banggood.com/Geekcreit-ATmega328P-Nano-V3-Controller-Board-Improved-Version-Module-Development-Board-p-940937.html?rmmds=ElectronicsFlashDeals
Electronics,,N/A,0,https://www.banggood.com/AD-109-Magnetic-Mount-Mobile-Antenna-Dual-Band-VHF-UHF-136-174MHz-400-520MHz-High-Gain-5M-Cable-for-Baofeng-UV-5R-UV-5RH-Ham-Radio-p-2039747.html?rmmds=ElectronicsFlashDeals
Electronics,,N/A,0,https://www.banggood.com/ABBREE-KF-106-Wireless-Key-Finder-RF-Key-Locator-Anti-loss-Devices-Pet-Wallet-Tracker-Remote-Control-1-RF-Transmitter-6-Receiver-for-Child-and-Old-p-2041261.html?rmmds=ElectronicsFlashDeals
Electronics,,N/A,0,https://www.banggood.com/ABBREE-AR-243-SMA-Female-Mini-Antenna-UHF-400-480MHz-Short-Small-Antenna-for-Walkie-Talkie-Baofeng-BF-888S-UV5R-UV-21-PRO-p-2030747.html?rmmds=ElectronicsFlashDeals
Electronics,,N/A,0,https://www.banggood.com/Artillery-Hotend-Assembly-for-SW-X3-or-SW-X4-p-2035723.html?rmmds=ElectronicsFlashDeals
Electronics,,N/A,0,https://www.banggood.com/Artillery-Mainboard-For-SW-X3-Plus-p-2035724.html?rmmds=ElectronicsFlashDeals
Electronics,,N/A,0,https://www.banggood.com/Artillery-X4-Plus-or-X4-Pro-Cable-Harness-3D-Printer-Accessory-p-2037013.html?rmmds=ElectronicsFlashDeals
Electronics,,N/A,0,https://www.banggood.com/DALY-Bluetooth-WiFi+BT-Module-APP-Control-Accessories-for-Lithium-Battery-Protection-Board-p-2015635.html?rmmds=ElectronicsFlashDeals
Electronics,,N/A,0,https://www.banggood.com/Daly-BMS-LiFePO4-Smart-Board-Iron-Lithium-Battery-Protection-Board-with-Balance+bluetooth+RS485+CAN-M-type-4~24-Series-with-Parallel-Module-3_65V-p-2017990.html?rmmds=ElectronicsFlashDeals
Electronics,,N/A,0,https://www.banggood.com/DALY-YH-YK-YM-Battery-Management-System-7-17S-Li-ion-LiFePO4-48V60V-Smart-Bluetooth-Version-BMS-High-Current-Protection-Module-p-2040986.html?rmmds=ElectronicsFlashDeals
Smartphones,,US$35.99,0,https://www.banggood.com/GaN-Tech-Blitzwolf-BW-S31-240W-6-Port-USB-PD-Charger-4USB-C+2USB-A-QC-PD-Digital-Display-Fast-Charging-Desktop-Charging-Station-for-iPhone-16-16-Pro-15-14-13-Pro-Max-for-MacBook-Pro-for-Airpods-for-Apple-Watch-p-2035160.html?rmmds=PhonesFlashDeals&cur_warehouse=CN&ID=6287830
Smartphones,,US$4.74,0,https://www.banggood.com/120W-USB-A-to-Type-C-Cable-with-Digital-Display-Fast-Charging-Data-Transmission-Copper-Core-Line-1M-or-2M-Long-for-iPhone-15-15-Plus-for-Huawei-Pura-70-Ultra-for-Xiaomi-Civi-4-Pro-for-Samsung-Galaxy-S24-p-2018312.html?rmmds=PhonesFlashDeals&cur_warehouse=CN&ID=5673716327974
Smartphones,,US$39.99,0,https://www.banggood.com/GaN-TechBlitzwolf-BW-i116-Max-105W-6-in-1-Power-Combo-Desktop-Charger-Station-with-Built-in-Dual-Telescopic-Type-C-Cable-+-USB-A+USB-C-+-2-in-1-Wireless-Charger-for-Smart-Phones-for-iPhone-16-16-Pro-15-14-p-2038973.html?rmmds=PhonesFlashDeals&cur_warehouse=CN&ID=6287830
Smartphones,,US$9.99,0,https://www.banggood.com/LDNIO-MV21-15W-Wireless-Charger-Car-Phone-Holder-Grip-Mobile-Clamp-Stand-Retractable-Base-Bracket-Support-for-IPhone-15-14-13-for-Samsung-Galaxy-S24-for-Huawei-Pura-70-Ultra-p-2016918.html?rmmds=PhonesFlashDeals&cur_warehouse=CN&ID=6284228
Smartphones,,US$49.99,0,https://www.banggood.com/C16-AI-Smartphone-Gimbal-Stabilizer-with-Auto-Face-Tracking-360-Rotation-Anti-Shake-Portable-Quadrapod-Remote-Control-for-Vlog-YouTube-TikTok-Live-Streaming-p-2043859.html?rmmds=PhonesFlashDeals&cur_warehouse=CN&ID=6287830
Smartphones,,US$35.99,0,https://www.banggood.com/BlitzWolf-868H-160W-5-Port-USB-PD-Desktop-Charger-Dual-USB-A-QC3_0+Dual-PD65W-Type-C+65W-Type-C-PD3_0-with-15W-10W-7_5W-5W-Wireless-Fast-Charger-for-iPhone-14-14-Pro-Max-for-Samsung-Galaxy-Z-Fold-4-S22-Ultra-p-1996851.html?rmmds=PhonesFlashDeals&cur_warehouse=CN&ID=0
Smartphones,,US$3.16,0,https://www.banggood.com/7A-USB-to-Type-C-Cable-Support-6A-or-7A-Fast-Charging-Data-Transmission-Protocol-PVC-Core-Line-0_25M-or-1M-or-2M-Long-for-Huawei-Mate-40Pro-for-Xiaomi-Mi12-for-Samsung-Galaxy-Z-Fold-2-p-1975795.html?rmmds=PhonesFlashDeals&cur_warehouse=CN&ID=523602
Smartphones,,US$43.99,0,https://www.banggood.com/GaNBlitzwolf-BW-FW10-240W-10-in-1-Wireless-Alarm-Clock-Charger-2USB-A+4USB-C-PD3_1-or-3_0-QC4_0-or-3_0-or-2_0-PPS-AFC-SCP-FCP-Fast-Charging-Desktop-Charging-Station-with-Time-Display-and-2-Alarm-Clocks-EU-Plug-for-iPhone-16-for-Samsung-for-iPad-for-Apple-Watch-p-2035207.html?rmmds=PhonesFlashDeals&cur_warehouse=CN&ID=47184
Smartphones,,US$10.99,0,https://www.banggood.com/ESSAGER-ES-ZJ39-Universal-Car-Phone-Mount-for-Dashboard-Center-Console-360-Degree-Rotation-Strong-Adhesive-Base-One-Hand-Operation-Car-Phone-Holder-p-2043138.html?rmmds=PhonesFlashDeals&cur_warehouse=CN&ID=6287830
Smartphones,,US$26.99,0,https://www.banggood.com/GaN-Tech-Blitzwolf-BW-S30-175W-6-Port-USB-PD-Charger-4USB-C+2USB-A-QC-PD-Digital-Display-Fast-Charging-Desktop-Charging-Station-for-iPhone-16-16-Pro-15-14-13-Pro-Max-for-MacBook-Pro-for-Airpods-for-Apple-Watch-p-2029228.html?rmmds=PhonesFlashDeals&cur_warehouse=CN&ID=431016287830
Smartphones,,US$4.44,0,https://www.banggood.com/PD120W-Type-C-to-Type-C-Cable-Fast-Charging-Data-Transmission-Copper-Core-Line-1M-or-1_5M-or-2M-Long-for-iPhone-15-15-Plus-for-Huawei-Pura-70-Ultra-for-Xiaomi-Civi-4-Pro-for-Samsung-Galaxy-S24-p-2017761.html?rmmds=PhonesFlashDeals&cur_warehouse=CN&ID=447066287849
Smartphones,,US$35.99,0,https://www.banggood.com/GaN-Tech-Blitzwolf-BW-i113-105W-6-in-1-Desktop-Charging-Station-with-Wireless-Charger-PD-QC-Fast-Charging-with-LED-Light-EU-Plug-for-iPhone-16-16-Pro-15-14-13-Pro-Max-for-iPad-Pro-for-Macbook-Pro-for-Airpods-p-2033135.html?rmmds=PhonesFlashDeals&cur_warehouse=CN&ID=47184
Smartphones,,US$15.99,0,https://www.banggood.com/BlitzWolf-BW-EC2-8-in-1-Wall-Cube-Socket-EU-Plug-Power-Outlet-Extender-4000W-with-Switch-4-AC-Outlets-or-2-USB-A-or-2-USB-C-for-Home-Bedroom-Travel-p-2023824.html?rmmds=PhonesFlashDeals&cur_warehouse=CN&ID=47184
Smartphones,,US$4.29,0,https://www.banggood.com/Toocki-100W-Type-C-to-Type-C-Cable-QC4_0-Fast-Charging-Data-Transmission-Thick-Wire-Core-Line-0_5M-or-1M-or-2M-Long-for-Huawei-Mate50-for-Xiaomi-Mi13-for-Samsung-Galaxy-Z-Flip-4-for-OPPO-Reno8-for-Pad-Air4-10_9-p-1978722.html?rmmds=PhonesFlashDeals&cur_warehouse=CN&ID=5206785226616287830
Smartphones,,US$26.99,0,https://www.banggood.com/ESSAGER-OJD-132-15W-4-in-1-Desktop-Wireless-Charger-Fast-Wireless-Charging-Station-with-Night-Light-Function-for-Smart-Phones-for-iPhone-17-17Pro-16-15-14-Pro-Max-for-Huawei-Mate-XTs-for-Xiaomi-17pro-for-Apple-Watch-for-Airpods-p-2042653.html?rmmds=PhonesFlashDeals&cur_warehouse=CN&ID=6287836
Smartphones,,US$21.89,0,https://www.banggood.com/BlitzWolf-BW-BTS8-bluetooth-Earbuds-Bone-Conduction-Earphone-Built-in-32GB-Memory-IPX8-Waterproof-Low-Latency-Game-Sport-Headphones-with-Mic-p-1994895.html?rmmds=PhonesFlashDeals&cur_warehouse=CN&ID=532398
Smartphones,,US$17.99,0,https://www.banggood.com/BlitzWolf-BW-FYE16-LED-Screen-TWS-Earbuds-bluetooth-Earphone-Colorful-Touch-Screen-Active-Noise-Cancelling-32h-Battery-Life-3D-Spatial-Audio-HD-Calls-IPX5-Waterproof-Portable-Headset-p-2011924.html?rmmds=PhonesFlashDeals&cur_warehouse=CN&ID=532398
Smartphones,,US$27.59,0,https://www.banggood.com/Realme-Buds-T200-TWS-Earbuds-ANC-bluetooth-5_4-Earphone-Hi-Res-Audio-3D-Spatial-Sound-AI-Call-Noise-Reduction-50H-Playback-In-ear-Sports-Headphones-p-2035668.html?rmmds=PhonesFlashDeals&cur_warehouse=CN&ID=6287851
Smartphones,,US$26.99,0,https://www.banggood.com/BlitzWolf-BW-HP5-Lite-bluetooth-Headset-ANC-Headphone-Dual-Active-Noise-Canceling-Dual-Drivers-1000mAh-AAC-Stereo-Wireless-Headphone-with-Mic-p-2019698.html?rmmds=PhonesFlashDeals&cur_warehouse=CN&ID=6287830
Smartphones,,US$54.99,0,https://www.banggood.com/World-PremiereZeblaze-Stratos-4-1_43-inch-AMOLED-GPS-5ATMandIP69K-Waterproof-Built-in-Flashlight-CompassandBarometric-Altimeter-60-days-Battery-Life-Voice-Assistant-bluetooth-Call-Heart-Rate-SpO2-Monitor-Sleep-Monitoring-Multi-sport-Modes-Smart-Watch-p-2034894.html?rmmds=PhonesFlashDeals&cur_warehouse=CN&ID=6287830
Smartphones,,US$42.99,0,https://www.banggood.com/BlitzWolf-BW-Voyager1-1_43-inch-AMOLED-GPS-Double-Straps-Compass-and-Barometer-10ATM-Waterproof-bluetooth-Call-Heart-Rate-Blood-Oxygen-Monitor-Sleep-Monitoring-Menstrual-Cycle-Multi-sports-Outdoor-Smart-Watch-p-2043302.html?rmmds=PhonesFlashDeals&cur_warehouse=CN&ID=6287830
Smartphones,,US$21.99,0,https://www.banggood.com/BlitzWolf-BW-AT7-1_53-inch-Screen-Built-in-Flashlight-bluetooth-Call-Heart-Rate-Blood-Oxygen-Monitor-Sleep-Monitoring-Breathing-Exercise-Multi-sport-Modes-IP68-Waterproof-Smart-Watch-p-2039724.html?rmmds=PhonesFlashDeals&cur_warehouse=CN&ID=6287830
Smartphones,,US$30.99,0,https://www.banggood.com/BlitzWolf-BW-WA4-30W-Wireless-Speaker-Portable-bluetooth-Speaker-Double-Drivers-Bass-TWS-Stereo-IPX6-Waterproof-TF-Card-AUX-Outdoors-Speaker-p-1911830.html?rmmds=PhonesFlashDeals&cur_warehouse=CN&ID=6287830
Smartphones,,US$22.09,0,https://www.banggood.com/GaN-Tech-Blitzwolf-BW-i100-120W-5-Port-USB-PD-Charger-2USB-A+3USB-C-PD3_0-QC3_0-AFC-FCP-SCP-PPS-PE-APPLE-Fast-Charging-Desktop-Charging-Station-EU-Plug-for-iPhone-15-14-13-for-Samsung-Galaxy-Z-Flip4-for-MacBook-Pro-for-Airpods-for-Apple-Watch-p-2003461.html?rmmds=PhonesFlashDeals&cur_warehouse=CN&ID=62878306316013
Smartphones,,US$36.99,0,https://www.banggood.com/World-PremiereZeblaze-Stratos-2-Plus-1_43-inch-AMOLED-GPS-Health-and-Fitness-Barometric-Altimeter-Compass-3-ATM-Waterproof-Smart-Watch-p-2044073.html?rmmds=PhonesFlashDeals&cur_warehouse=CN&ID=6287830
Smartphones,,US$29.99,0,https://www.banggood.com/ET585-2_04inch-AMOLED-Display-PPG+ECG-Micro-physical-Examination-Function-HRV-Detection-Heart-Rate-Blood-Pressure-Blood-Oxygen-Monitor-Sleep-Monitoring-Blood-Sugar-Blood-Component-BMI-Measurement-Meto-NFC-Music-Playback-Waterproof-Smart-Watch-p-2018697.html?rmmds=PhonesFlashDeals&cur_warehouse=CN&ID=6287842
Smartphones,,US$34.99,0,https://www.banggood.com/World-PremiereZeblaze-Vibe-8-1_43-inch-AMOLED-818H-SapphireLens-Built-in-LED-Flashlight-60-Days-Battery-Life-5ATMandIP69K-Waterproof-bluetooth-Call-Heart-Rate-Blood-Pressure-Blood-Oxygen-Monitor-Sleep-Monitoring-Multi-sport-Modes-Smart-Watch-p-2037664.html?rmmds=PhonesFlashDeals&cur_warehouse=CN&ID=6287830
Smartphones,,US$49.99,0,https://www.banggood.com/World-PremiereZeblaze-Stratos-2-Ultra-1_43-HD-AMOLED-GPS-10-ATM-Waterproof-Barometric-Altimeter-Compass-60-days-Battery-Life-GPS-Dual-band-GNSS-6-Satellite-Positioning-System-Health-Management-Ultimate-Outdoor-Smart-Watch-p-2020824.html?rmmds=PhonesFlashDeals&cur_warehouse=CN&ID=6287853
Smartphones,,US$9.99,0,https://www.banggood.com/World-PremiereNew-Zeblaze-GTS-3-Pro-Ultra-big-HD-415+505pixels-AMOLED-Screen-HiFi-Bluetooth-Phone-Calls-Health-and-Fitness-Tracking-Smart-Watch-p-1999844.html?rmmds=PhonesFlashDeals&cur_warehouse=CN&ID=6325233
Smartphones,,US$63.99,0,https://www.banggood.com/HAYLOU-S40-ANC-Wireless-Headphone-bluetoth-V6_0-Headset-50dB-Noise-Canceling-LDAC-Hi-Res-3D-Spatial-Audio-Dual-Drivers-Over-Ear-Headphones-with-Mic-p-2039011.html?rmmds=PhonesFlashDeals&cur_warehouse=CN&ID=6287832
Smartphones,,US$21.99,0,https://www.banggood.com/World-PremiereZeblaze-GTS4-1_94-inch-AMOLED-Ultra-Slim-bluetooth-Call-Heart-Rate-Blood-Oxygen-Monitor-Sleep-Monitoring-Breathing-Exercise-Multi-sport-Modes-IP68-Waterproof-Smart-Watch-p-2043081.html?rmmds=PhonesFlashDeals&cur_warehouse=CN&ID=6287830
Smartphones,,US$14.99,0,https://www.banggood.com/BlitzWolf-BW-TC23-100W-5A-LED-Display-Type-C-to-Type-C-Cable-PD3_0-PPS-QC4_0+-QC3_0-Fast-Charging-Data-Transfer-Cord-Line-For-Samsung-Galaxy-S22-Note-20-For-iPhone-15-For-iPad-Pro-2021-MacBook-Air-Xiaomi-Mi12-Huawei-P50-p-1967679.html?rmmds=PhonesFlashDeals&cur_warehouse=CN&ID=522150557527
Smartphones,,US$21.99,0,https://www.banggood.com/Senbono-V35-2_01-inch-HD-Screen-LED-Flashlight-1100mAh-Massive-Battery-Compass-Voice-Assistant-bluetooth-Call-Heart-Rate-Blood-Oxygen-Monitor-Sleep-Monitoring-Multi-sport-Modes-IP68-Waterproof-Smart-Watch-p-2040922.html?rmmds=PhonesFlashDeals&cur_warehouse=CN&ID=6287830
Smartphones,,US$16.39,0,https://www.banggood.com/Lenovo-Lecoo-C8-bluetooth-V5_0-Earphone-120mAh-Battery-IPX6-Waterproof-Anti-glare-Voice-Control-Smart-Touch-31g-Lightweight-Sunglasses-Sport-Headphone-p-1965460.html?rmmds=PhonesFlashDeals&cur_warehouse=CN&ID=0
Smartphones,,US$35.49,0,https://www.banggood.com/PICUN-NC60-Wireless-bluetooth-5_4-Headset-ANC-Gaming-Headphone-48dB-Deep-Noise-Reduction-4-Mic-Noise-Reduction-40mm-HD-Driver-HiFi-Bass-130H-Playback-AUX-E-Sports-Gamer-Headphones-p-2029111.html?rmmds=PhonesFlashDeals&cur_warehouse=CN&ID=62878306331239
Smartphones,,US$26.99,0,https://www.banggood.com/2024-World-PremiereZeblaze-Ares-3-Plus-1_43-inch-AMOLED-Stainless-Steel-Navigation-Crown-IP68-Waterproof-Realtek8773-Voice-Calling-100+-Sport-Modes-24H-Health-Monitor-SpO2-Smart-Watch-p-2017842.html?rmmds=PhonesFlashDeals&cur_warehouse=CN&ID=6287830
Smartphones,,US$39.99,0,https://www.banggood.com/GaN-Tech-660W-10-Port-USB-PD-Charger-6USB-C+4USB-A-QC-140W-PD-3_1-Fast-Charging-Desktop-Charging-Station-for-iPhone-16-16-Pro-15-14-13-Pro-Max-for-MacBook-Pro-for-Airpods-for-Apple-Watch-for-iPad-p-2038475.html?rmmds=PhonesFlashDeals&cur_warehouse=CN&ID=6287830
Smartphones,,US$3.65,0,https://www.banggood.com/5A-USB-A-to-iP-or-Type-C-or-Micro-USB-Cable-Support-Huawei-Super-Fast-Charge-VOOCandDual-Engine-Flash-Charge-Fast-Charging-Data-Transmission-Copper-Core-1_2M-Long-for-Huawei-Mate50-for-iPhone-13-14-14-Pro-14-Pro-Max-for-Xiaomi-13pro-for-Samsung-Galaxy-S23-p-1983084.html?rmmds=PhonesFlashDeals&cur_warehouse=CN&ID=6287842
Smartphones,,US$29.99,0,https://www.banggood.com/BlitzWolf-BW-FYE17-bluetooth-Earphone-2-in-1-2-Pairs-TWS-Earbuds-Dual-LED-Power-Display-13mm-Large-Drivers-Stereo-Long-Battery-Life-Portable-Wireless-Earphone-with-Mic-p-2043355.html?rmmds=PhonesFlashDeals&cur_warehouse=CN&ID=6288162
Smartphones,,US$62.99,0,https://www.banggood.com/Huawei-Freelace-Pro-2-Wireless-Earphone-bluetooth-Earphone-Neckband-ANC-HWA-Hi-Res-Audio-5-Mic-Call-Noise-Cancelling-25H-Playback-IP55-Waterproof-In-ear-Sports-Headset-p-2012339.html?rmmds=PhonesFlashDeals&cur_warehouse=CN&ID=6287830
Smartphones,,US$4.99,0,https://www.banggood.com/60W-USB-C-to-USB-C-Cable-Fast-Charging-Data-Transmission-Copper-Core-Line-1M-or-2M-Long-for-OPPO-Reno9-for-Redmi-60-for-Xiaomi-13pro-for-Honor-Magic5-for-Huawei-Mate50-for-Samsung-Galaxy-S23-p-1982088.html?rmmds=PhonesFlashDeals&cur_warehouse=CN&ID=457636287832
Smartphones,,US$28.99,0,https://www.banggood.com/BlitzWolf-BW-BTS10-OWS-bluetooth-Earbuds-Bone-Conduction-Earphone-IPX8-Waterproof-Low-Latency-Game-Open-Ear-Earhooks-Sports-Headphones-with-Mic-p-2039668.html?rmmds=PhonesFlashDeals&cur_warehouse=CN&ID=6287830
Smartphones,,US$26.99,0,https://www.banggood.com/GaN-Tech-Blitzwolf-BW-S26-250W-8-Port-USB-PD-Charger-3USB-A+5USB-C-PD3_0-QC3_0-AFC-FCP-PPS-APPLE-Fast-Charging-Desktop-Charging-Station-EU-Plug-for-iPhone-15-14-13-for-Samsung-Galaxy-Z-Flip4-for-MacBook-Pro-for-Airpods-for-Apple-Watch-p-2015740.html?rmmds=PhonesFlashDeals&cur_warehouse=CN&ID=62878306316013
Smartphones,,US$31.99,0,https://www.banggood.com/GaN-TechBakeey-YMX-600W-600W-8-Port-USB-PD-Charger-5USB-C+3USB-A-QC-PD3_1-Fast-Charging-Desktop-Charging-Station-EU-Plug-US-Plug-for-iPhone-16-16-Pro-15-14-13-Pro-Max-for-Xiaomi-15pro-for-Samsung-Galaxy-Z-Flip6-p-2028850.html?rmmds=PhonesFlashDeals&cur_warehouse=CN&ID=567116
Smartphones,,US$3.60,0,https://www.banggood.com/7A-USB-A-to-USB-C-Cable-Fast-Charging-Data-Transmission-Copper-Core-Line-1M-or-2M-Long-for-Oneplus-11-10T-9-9R-for-Huawei-Mate50-for-Samsung-Galaxy-S23-for-Redmi-K60-p-1990824.html?rmmds=PhonesFlashDeals&cur_warehouse=CN&ID=45764
Smartphones,,US$13.99,0,https://www.banggood.com/Lenovo-ERAZER-X9-TWS-Headset-Wireless-bluetooth-5_4-Earphone-20mm-Driver-Unit-DT7_0-ENC-Noise-Cancelling-84H-Playback-LED-Digital-Display-Earhooks-Sports-Headphones-p-2025216.html?rmmds=PhonesFlashDeals&cur_warehouse=CN&ID=6287830
Smartphones,,US$69.49,0,https://www.banggood.com/PICUN-F8-Pro-Wireless-bluetooth-5_4-Headset-Dual-Noise-Reduction-Headphone-ANC-ENC-Noise-Cancelling-40mm-Titanium-Plated-Diaphragm-Speaker-AAC-Audio-140H-Playback-Low-Delay-Removable-Earmuffs-Headphones-with-Mic-p-2029473.html?rmmds=PhonesFlashDeals&cur_warehouse=CN&ID=6287853
Smartphones,,US$36.99,0,https://www.banggood.com/EDIFIER-W280NB-Pro-bluetooth-Earphone-Neckband-Headset-ANC-45dB-Noise-Cancelling-AI-Call-Noise-Reduction-LDAC-Hi-Res-Audio-23H-Playback-Low-Delay-IP55-Waterproof-Sports-Neckband-Headphones-p-2028799.html?rmmds=PhonesFlashDeals&cur_warehouse=CN&ID=6287830
Smartphones,,N/A,0,https://www.banggood.com/2024-World-PremiereNew-Zeblaze-Btalk-3-Plus-1_39-inch-Large-HD-Color-Display-Fitness-Tracking-HiFi-bluetooth-Phone-Calls-Health-and-Fitness-Tracking-Smart-Watch-p-2013717.html?rmmds=PhonesFlashDeals
Smartphones,,N/A,0,https://www.banggood.com/World-PremiereZeblaze-Lily-2-1_2inch-AMOLED-Double-Straps-bluetooth-Call-Heart-Rate-Blood-Pressure-Blood-Oxygen-Monitor-Sleep-Monitoring-Breathe-Training-Womens-Health-Multi-sport-Modes-IP68-Waterproof-Smart-Watch-p-2027349.html?rmmds=PhonesFlashDeals
Smartphones,,N/A,0,https://www.banggood.com/Flagship-2024Zeblaze-Thor-Ultra-4G-1_43-inch-AMOLED-466+466-pixels-HD-Display-Smart-Watch-16GB-Android-OS-Google-Play-Stainless-Steel-Wristband-Version-p-2012218.html?rmmds=PhonesFlashDeals
Smartphones,,N/A,0,https://www.banggood.com/Realme-Buds-Air-7-Pro-TWS-bluetooth-5_4-Earbuds-Wireless-ANC-Earphone-Hi-Res-LHDC5_0-Audio-53dB-Noise-Cancelling-6-Mic-AI-Call-Noise-Reduction-3D-Surround-Sound-48H-Playback-Low-Delay-AI-Simultaneous-Interpretation-In-ear-Sports-Headphones-p-2033719.html?rmmds=PhonesFlashDeals
Smartphones,,N/A,0,https://www.banggood.com/Realme-Buds-Air7-ANC-Earbuds-Wireless-bluetooth-5_4-Earphone-52dB-Depth-Noise-Cancelling-AI-Call-Noise-Reduction-LHDC-Hi-Res-12_4mm-Deep-Bass-Driver-3D-Surround-Sound-45ms-Low-Delay-52H-Playback-Sports-Headphones-p-2029761.html?rmmds=PhonesFlashDeals
Smartphones,,N/A,0,https://www.banggood.com/Realme-Buds-T310-bluetooth-Headset-Wireless-ANC-Earphone-46dB-Depth-Noise-Cancelling-AI-Call-Noise-Reduction-3D-Surround-Sound-40H-Battery-Life-Low-Game-Delay-In-ear-Sports-Headphones-p-2021681.html?rmmds=PhonesFlashDeals
Smartphones,,N/A,0,https://www.banggood.com/OnePlus-Buds-Ace2-TWS-bluetooth-5_4-Headset-Wireless-ANC-Earphone-12_4mm-Large-Moving-Coil-Deep-Bass-Dual-Mic-AI-Call-Noise-Cancelling-43H-Playback-IP55-Waterproof-Low-Game-Delay-In-ear-Sports-Headphones-p-2028410.html?rmmds=PhonesFlashDeals
Smartphones,,N/A,0,https://www.banggood.com/Oneplus-Buds-3V-TWS-Earbuds-bluetooth-5_4-Earphone-12_4mm-Large-Moving-Coil-3D-Spatial-Sound-Dual-Mic-AI-Call-Noise-Cancelling-54H-Playback-47ms-Low-Delay-AI-Translation-Sports-Headphones-p-2042783.html?rmmds=PhonesFlashDeals
Smartphones,,N/A,0,https://www.banggood.com/OnePlus-Buds-3-TWS-Wireless-Earphone-bluetooth-Earbuds-LHDC-49dB-Active-Noise-Canceling-44h-Battery-Life-Headphones-with-Mic-p-2007584.html?rmmds=PhonesFlashDeals
Smartphones,,N/A,0,https://www.banggood.com/HUAWEI-FreeBuds-6i-TWS-bluetooth-Earbuds-Wireless-ANC-Earphone-27dB-Depth-Noise-Cancelling-3-Mic-AI-Call-Noise-Reduction-Heavy-Bass35H-Playback-HarmonyOS-Interconnection-Sports-Headphones-p-2020162.html?rmmds=PhonesFlashDeals
Smartphones,,N/A,0,https://www.banggood.com/Huawei-FreeBuds-SE3-TWS-Earbuds-Wireless-bluetooth-5_4-Earphone-Stereo-Sound-42H-Playback-IP54-Waterproof-Smart-Connection-Semi-in-ear-Sports-Light-Portable-Headphones-p-2028800.html?rmmds=PhonesFlashDeals
Smartphones,,N/A,0,https://www.banggood.com/Huawei-FreeBuds-Pro-4-Wireless-bluetooth-Earphone-ANC-Earbuds-LDAC-Hi-Res-Audio-AI-Call-Noise-Cancelling-33H-Playback-Smart-AI-Interactive-Connection-In-ear-Sports-Headphones-p-2027321.html?rmmds=PhonesFlashDeals
Smartphones,,US$35.99,0,https://www.banggood.com/GaN-Tech-Blitzwolf-BW-S31-240W-6-Port-USB-PD-Charger-4USB-C+2USB-A-QC-PD-Digital-Display-Fast-Charging-Desktop-Charging-Station-for-iPhone-16-16-Pro-15-14-13-Pro-Max-for-MacBook-Pro-for-Airpods-for-Apple-Watch-p-2035160.html?rmmds=PhonesFlashDeals&cur_warehouse=CN&ID=6287830
Smartphones,,US$4.74,0,https://www.banggood.com/120W-USB-A-to-Type-C-Cable-with-Digital-Display-Fast-Charging-Data-Transmission-Copper-Core-Line-1M-or-2M-Long-for-iPhone-15-15-Plus-for-Huawei-Pura-70-Ultra-for-Xiaomi-Civi-4-Pro-for-Samsung-Galaxy-S24-p-2018312.html?rmmds=PhonesFlashDeals&cur_warehouse=CN&ID=5673716327974
Smartphones,,US$39.99,0,https://www.banggood.com/GaN-TechBlitzwolf-BW-i116-Max-105W-6-in-1-Power-Combo-Desktop-Charger-Station-with-Built-in-Dual-Telescopic-Type-C-Cable-+-USB-A+USB-C-+-2-in-1-Wireless-Charger-for-Smart-Phones-for-iPhone-16-16-Pro-15-14-p-2038973.html?rmmds=PhonesFlashDeals&cur_warehouse=CN&ID=6287830
Smartphones,,US$9.99,0,https://www.banggood.com/LDNIO-MV21-15W-Wireless-Charger-Car-Phone-Holder-Grip-Mobile-Clamp-Stand-Retractable-Base-Bracket-Support-for-IPhone-15-14-13-for-Samsung-Galaxy-S24-for-Huawei-Pura-70-Ultra-p-2016918.html?rmmds=PhonesFlashDeals&cur_warehouse=CN&ID=6284228
Smartphones,,US$49.99,0,https://www.banggood.com/C16-AI-Smartphone-Gimbal-Stabilizer-with-Auto-Face-Tracking-360-Rotation-Anti-Shake-Portable-Quadrapod-Remote-Control-for-Vlog-YouTube-TikTok-Live-Streaming-p-2043859.html?rmmds=PhonesFlashDeals&cur_warehouse=CN&ID=6287830
Smartphones,,US$35.99,0,https://www.banggood.com/BlitzWolf-868H-160W-5-Port-USB-PD-Desktop-Charger-Dual-USB-A-QC3_0+Dual-PD65W-Type-C+65W-Type-C-PD3_0-with-15W-10W-7_5W-5W-Wireless-Fast-Charger-for-iPhone-14-14-Pro-Max-for-Samsung-Galaxy-Z-Fold-4-S22-Ultra-p-1996851.html?rmmds=PhonesFlashDeals&cur_warehouse=CN&ID=0
Smartphones,,US$3.16,0,https://www.banggood.com/7A-USB-to-Type-C-Cable-Support-6A-or-7A-Fast-Charging-Data-Transmission-Protocol-PVC-Core-Line-0_25M-or-1M-or-2M-Long-for-Huawei-Mate-40Pro-for-Xiaomi-Mi12-for-Samsung-Galaxy-Z-Fold-2-p-1975795.html?rmmds=PhonesFlashDeals&cur_warehouse=CN&ID=523602
Smartphones,,US$43.99,0,https://www.banggood.com/GaNBlitzwolf-BW-FW10-240W-10-in-1-Wireless-Alarm-Clock-Charger-2USB-A+4USB-C-PD3_1-or-3_0-QC4_0-or-3_0-or-2_0-PPS-AFC-SCP-FCP-Fast-Charging-Desktop-Charging-Station-with-Time-Display-and-2-Alarm-Clocks-EU-Plug-for-iPhone-16-for-Samsung-for-iPad-for-Apple-Watch-p-2035207.html?rmmds=PhonesFlashDeals&cur_warehouse=CN&ID=47184
Smartphones,,US$10.99,0,https://www.banggood.com/ESSAGER-ES-ZJ39-Universal-Car-Phone-Mount-for-Dashboard-Center-Console-360-Degree-Rotation-Strong-Adhesive-Base-One-Hand-Operation-Car-Phone-Holder-p-2043138.html?rmmds=PhonesFlashDeals&cur_warehouse=CN&ID=6287830
Smartphones,,US$26.99,0,https://www.banggood.com/GaN-Tech-Blitzwolf-BW-S30-175W-6-Port-USB-PD-Charger-4USB-C+2USB-A-QC-PD-Digital-Display-Fast-Charging-Desktop-Charging-Station-for-iPhone-16-16-Pro-15-14-13-Pro-Max-for-MacBook-Pro-for-Airpods-for-Apple-Watch-p-2029228.html?rmmds=PhonesFlashDeals&cur_warehouse=CN&ID=431016287830
Smartphones,,US$4.44,0,https://www.banggood.com/PD120W-Type-C-to-Type-C-Cable-Fast-Charging-Data-Transmission-Copper-Core-Line-1M-or-1_5M-or-2M-Long-for-iPhone-15-15-Plus-for-Huawei-Pura-70-Ultra-for-Xiaomi-Civi-4-Pro-for-Samsung-Galaxy-S24-p-2017761.html?rmmds=PhonesFlashDeals&cur_warehouse=CN&ID=447066287849
Smartphones,,US$35.99,0,https://www.banggood.com/GaN-Tech-Blitzwolf-BW-i113-105W-6-in-1-Desktop-Charging-Station-with-Wireless-Charger-PD-QC-Fast-Charging-with-LED-Light-EU-Plug-for-iPhone-16-16-Pro-15-14-13-Pro-Max-for-iPad-Pro-for-Macbook-Pro-for-Airpods-p-2033135.html?rmmds=PhonesFlashDeals&cur_warehouse=CN&ID=47184
Smartphones,,US$15.99,0,https://www.banggood.com/BlitzWolf-BW-EC2-8-in-1-Wall-Cube-Socket-EU-Plug-Power-Outlet-Extender-4000W-with-Switch-4-AC-Outlets-or-2-USB-A-or-2-USB-C-for-Home-Bedroom-Travel-p-2023824.html?rmmds=PhonesFlashDeals&cur_warehouse=CN&ID=47184
Smartphones,,US$4.29,0,https://www.banggood.com/Toocki-100W-Type-C-to-Type-C-Cable-QC4_0-Fast-Charging-Data-Transmission-Thick-Wire-Core-Line-0_5M-or-1M-or-2M-Long-for-Huawei-Mate50-for-Xiaomi-Mi13-for-Samsung-Galaxy-Z-Flip-4-for-OPPO-Reno8-for-Pad-Air4-10_9-p-1978722.html?rmmds=PhonesFlashDeals&cur_warehouse=CN&ID=5206785226616287830
Smartphones,,US$26.99,0,https://www.banggood.com/ESSAGER-OJD-132-15W-4-in-1-Desktop-Wireless-Charger-Fast-Wireless-Charging-Station-with-Night-Light-Function-for-Smart-Phones-for-iPhone-17-17Pro-16-15-14-Pro-Max-for-Huawei-Mate-XTs-for-Xiaomi-17pro-for-Apple-Watch-for-Airpods-p-2042653.html?rmmds=PhonesFlashDeals&cur_warehouse=CN&ID=6287836
Smartphones,,US$21.89,0,https://www.banggood.com/BlitzWolf-BW-BTS8-bluetooth-Earbuds-Bone-Conduction-Earphone-Built-in-32GB-Memory-IPX8-Waterproof-Low-Latency-Game-Sport-Headphones-with-Mic-p-1994895.html?rmmds=PhonesFlashDeals&cur_warehouse=CN&ID=532398
Smartphones,,US$17.99,0,https://www.banggood.com/BlitzWolf-BW-FYE16-LED-Screen-TWS-Earbuds-bluetooth-Earphone-Colorful-Touch-Screen-Active-Noise-Cancelling-32h-Battery-Life-3D-Spatial-Audio-HD-Calls-IPX5-Waterproof-Portable-Headset-p-2011924.html?rmmds=PhonesFlashDeals&cur_warehouse=CN&ID=532398
Smartphones,,US$27.59,0,https://www.banggood.com/Realme-Buds-T200-TWS-Earbuds-ANC-bluetooth-5_4-Earphone-Hi-Res-Audio-3D-Spatial-Sound-AI-Call-Noise-Reduction-50H-Playback-In-ear-Sports-Headphones-p-2035668.html?rmmds=PhonesFlashDeals&cur_warehouse=CN&ID=6287851
Smartphones,,US$26.99,0,https://www.banggood.com/BlitzWolf-BW-HP5-Lite-bluetooth-Headset-ANC-Headphone-Dual-Active-Noise-Canceling-Dual-Drivers-1000mAh-AAC-Stereo-Wireless-Headphone-with-Mic-p-2019698.html?rmmds=PhonesFlashDeals&cur_warehouse=CN&ID=6287830
Smartphones,,US$54.99,0,https://www.banggood.com/World-PremiereZeblaze-Stratos-4-1_43-inch-AMOLED-GPS-5ATMandIP69K-Waterproof-Built-in-Flashlight-CompassandBarometric-Altimeter-60-days-Battery-Life-Voice-Assistant-bluetooth-Call-Heart-Rate-SpO2-Monitor-Sleep-Monitoring-Multi-sport-Modes-Smart-Watch-p-2034894.html?rmmds=PhonesFlashDeals&cur_warehouse=CN&ID=6287830
Smartphones,,US$42.99,0,https://www.banggood.com/BlitzWolf-BW-Voyager1-1_43-inch-AMOLED-GPS-Double-Straps-Compass-and-Barometer-10ATM-Waterproof-bluetooth-Call-Heart-Rate-Blood-Oxygen-Monitor-Sleep-Monitoring-Menstrual-Cycle-Multi-sports-Outdoor-Smart-Watch-p-2043302.html?rmmds=PhonesFlashDeals&cur_warehouse=CN&ID=6287830
Smartphones,,US$21.99,0,https://www.banggood.com/BlitzWolf-BW-AT7-1_53-inch-Screen-Built-in-Flashlight-bluetooth-Call-Heart-Rate-Blood-Oxygen-Monitor-Sleep-Monitoring-Breathing-Exercise-Multi-sport-Modes-IP68-Waterproof-Smart-Watch-p-2039724.html?rmmds=PhonesFlashDeals&cur_warehouse=CN&ID=6287830
Smartphones,,US$30.99,0,https://www.banggood.com/BlitzWolf-BW-WA4-30W-Wireless-Speaker-Portable-bluetooth-Speaker-Double-Drivers-Bass-TWS-Stereo-IPX6-Waterproof-TF-Card-AUX-Outdoors-Speaker-p-1911830.html?rmmds=PhonesFlashDeals&cur_warehouse=CN&ID=6287830
Smartphones,,US$22.09,0,https://www.banggood.com/GaN-Tech-Blitzwolf-BW-i100-120W-5-Port-USB-PD-Charger-2USB-A+3USB-C-PD3_0-QC3_0-AFC-FCP-SCP-PPS-PE-APPLE-Fast-Charging-Desktop-Charging-Station-EU-Plug-for-iPhone-15-14-13-for-Samsung-Galaxy-Z-Flip4-for-MacBook-Pro-for-Airpods-for-Apple-Watch-p-2003461.html?rmmds=PhonesFlashDeals&cur_warehouse=CN&ID=62878306316013
Smartphones,,US$36.99,0,https://www.banggood.com/World-PremiereZeblaze-Stratos-2-Plus-1_43-inch-AMOLED-GPS-Health-and-Fitness-Barometric-Altimeter-Compass-3-ATM-Waterproof-Smart-Watch-p-2044073.html?rmmds=PhonesFlashDeals&cur_warehouse=CN&ID=6287830
Smartphones,,US$29.99,0,https://www.banggood.com/ET585-2_04inch-AMOLED-Display-PPG+ECG-Micro-physical-Examination-Function-HRV-Detection-Heart-Rate-Blood-Pressure-Blood-Oxygen-Monitor-Sleep-Monitoring-Blood-Sugar-Blood-Component-BMI-Measurement-Meto-NFC-Music-Playback-Waterproof-Smart-Watch-p-2018697.html?rmmds=PhonesFlashDeals&cur_warehouse=CN&ID=6287842
Smartphones,,US$34.99,0,https://www.banggood.com/World-PremiereZeblaze-Vibe-8-1_43-inch-AMOLED-818H-SapphireLens-Built-in-LED-Flashlight-60-Days-Battery-Life-5ATMandIP69K-Waterproof-bluetooth-Call-Heart-Rate-Blood-Pressure-Blood-Oxygen-Monitor-Sleep-Monitoring-Multi-sport-Modes-Smart-Watch-p-2037664.html?rmmds=PhonesFlashDeals&cur_warehouse=CN&ID=6287830
Smartphones,,US$49.99,0,https://www.banggood.com/World-PremiereZeblaze-Stratos-2-Ultra-1_43-HD-AMOLED-GPS-10-ATM-Waterproof-Barometric-Altimeter-Compass-60-days-Battery-Life-GPS-Dual-band-GNSS-6-Satellite-Positioning-System-Health-Management-Ultimate-Outdoor-Smart-Watch-p-2020824.html?rmmds=PhonesFlashDeals&cur_warehouse=CN&ID=6287853
Smartphones,,US$9.99,0,https://www.banggood.com/World-PremiereNew-Zeblaze-GTS-3-Pro-Ultra-big-HD-415+505pixels-AMOLED-Screen-HiFi-Bluetooth-Phone-Calls-Health-and-Fitness-Tracking-Smart-Watch-p-1999844.html?rmmds=PhonesFlashDeals&cur_warehouse=CN&ID=6325233
Smartphones,,US$63.99,0,https://www.banggood.com/HAYLOU-S40-ANC-Wireless-Headphone-bluetoth-V6_0-Headset-50dB-Noise-Canceling-LDAC-Hi-Res-3D-Spatial-Audio-Dual-Drivers-Over-Ear-Headphones-with-Mic-p-2039011.html?rmmds=PhonesFlashDeals&cur_warehouse=CN&ID=6287832
Smartphones,,US$21.99,0,https://www.banggood.com/World-PremiereZeblaze-GTS4-1_94-inch-AMOLED-Ultra-Slim-bluetooth-Call-Heart-Rate-Blood-Oxygen-Monitor-Sleep-Monitoring-Breathing-Exercise-Multi-sport-Modes-IP68-Waterproof-Smart-Watch-p-2043081.html?rmmds=PhonesFlashDeals&cur_warehouse=CN&ID=6287830
Smartphones,,US$14.99,0,https://www.banggood.com/BlitzWolf-BW-TC23-100W-5A-LED-Display-Type-C-to-Type-C-Cable-PD3_0-PPS-QC4_0+-QC3_0-Fast-Charging-Data-Transfer-Cord-Line-For-Samsung-Galaxy-S22-Note-20-For-iPhone-15-For-iPad-Pro-2021-MacBook-Air-Xiaomi-Mi12-Huawei-P50-p-1967679.html?rmmds=PhonesFlashDeals&cur_warehouse=CN&ID=522150557527
Smartphones,,US$21.99,0,https://www.banggood.com/Senbono-V35-2_01-inch-HD-Screen-LED-Flashlight-1100mAh-Massive-Battery-Compass-Voice-Assistant-bluetooth-Call-Heart-Rate-Blood-Oxygen-Monitor-Sleep-Monitoring-Multi-sport-Modes-IP68-Waterproof-Smart-Watch-p-2040922.html?rmmds=PhonesFlashDeals&cur_warehouse=CN&ID=6287830
Smartphones,,US$16.39,0,https://www.banggood.com/Lenovo-Lecoo-C8-bluetooth-V5_0-Earphone-120mAh-Battery-IPX6-Waterproof-Anti-glare-Voice-Control-Smart-Touch-31g-Lightweight-Sunglasses-Sport-Headphone-p-1965460.html?rmmds=PhonesFlashDeals&cur_warehouse=CN&ID=0
Smartphones,,US$35.49,0,https://www.banggood.com/PICUN-NC60-Wireless-bluetooth-5_4-Headset-ANC-Gaming-Headphone-48dB-Deep-Noise-Reduction-4-Mic-Noise-Reduction-40mm-HD-Driver-HiFi-Bass-130H-Playback-AUX-E-Sports-Gamer-Headphones-p-2029111.html?rmmds=PhonesFlashDeals&cur_warehouse=CN&ID=62878306331239
Smartphones,,US$26.99,0,https://www.banggood.com/2024-World-PremiereZeblaze-Ares-3-Plus-1_43-inch-AMOLED-Stainless-Steel-Navigation-Crown-IP68-Waterproof-Realtek8773-Voice-Calling-100+-Sport-Modes-24H-Health-Monitor-SpO2-Smart-Watch-p-2017842.html?rmmds=PhonesFlashDeals&cur_warehouse=CN&ID=6287830
Smartphones,,US$39.99,0,https://www.banggood.com/GaN-Tech-660W-10-Port-USB-PD-Charger-6USB-C+4USB-A-QC-140W-PD-3_1-Fast-Charging-Desktop-Charging-Station-for-iPhone-16-16-Pro-15-14-13-Pro-Max-for-MacBook-Pro-for-Airpods-for-Apple-Watch-for-iPad-p-2038475.html?rmmds=PhonesFlashDeals&cur_warehouse=CN&ID=6287830
Smartphones,,US$3.65,0,https://www.banggood.com/5A-USB-A-to-iP-or-Type-C-or-Micro-USB-Cable-Support-Huawei-Super-Fast-Charge-VOOCandDual-Engine-Flash-Charge-Fast-Charging-Data-Transmission-Copper-Core-1_2M-Long-for-Huawei-Mate50-for-iPhone-13-14-14-Pro-14-Pro-Max-for-Xiaomi-13pro-for-Samsung-Galaxy-S23-p-1983084.html?rmmds=PhonesFlashDeals&cur_warehouse=CN&ID=6287842
Smartphones,,US$29.99,0,https://www.banggood.com/BlitzWolf-BW-FYE17-bluetooth-Earphone-2-in-1-2-Pairs-TWS-Earbuds-Dual-LED-Power-Display-13mm-Large-Drivers-Stereo-Long-Battery-Life-Portable-Wireless-Earphone-with-Mic-p-2043355.html?rmmds=PhonesFlashDeals&cur_warehouse=CN&ID=6288162
Smartphones,,US$62.99,0,https://www.banggood.com/Huawei-Freelace-Pro-2-Wireless-Earphone-bluetooth-Earphone-Neckband-ANC-HWA-Hi-Res-Audio-5-Mic-Call-Noise-Cancelling-25H-Playback-IP55-Waterproof-In-ear-Sports-Headset-p-2012339.html?rmmds=PhonesFlashDeals&cur_warehouse=CN&ID=6287830
Smartphones,,US$4.99,0,https://www.banggood.com/60W-USB-C-to-USB-C-Cable-Fast-Charging-Data-Transmission-Copper-Core-Line-1M-or-2M-Long-for-OPPO-Reno9-for-Redmi-60-for-Xiaomi-13pro-for-Honor-Magic5-for-Huawei-Mate50-for-Samsung-Galaxy-S23-p-1982088.html?rmmds=PhonesFlashDeals&cur_warehouse=CN&ID=457636287832
Smartphones,,US$28.99,0,https://www.banggood.com/BlitzWolf-BW-BTS10-OWS-bluetooth-Earbuds-Bone-Conduction-Earphone-IPX8-Waterproof-Low-Latency-Game-Open-Ear-Earhooks-Sports-Headphones-with-Mic-p-2039668.html?rmmds=PhonesFlashDeals&cur_warehouse=CN&ID=6287830
Smartphones,,US$26.99,0,https://www.banggood.com/GaN-Tech-Blitzwolf-BW-S26-250W-8-Port-USB-PD-Charger-3USB-A+5USB-C-PD3_0-QC3_0-AFC-FCP-PPS-APPLE-Fast-Charging-Desktop-Charging-Station-EU-Plug-for-iPhone-15-14-13-for-Samsung-Galaxy-Z-Flip4-for-MacBook-Pro-for-Airpods-for-Apple-Watch-p-2015740.html?rmmds=PhonesFlashDeals&cur_warehouse=CN&ID=62878306316013
Smartphones,,US$31.99,0,https://www.banggood.com/GaN-TechBakeey-YMX-600W-600W-8-Port-USB-PD-Charger-5USB-C+3USB-A-QC-PD3_1-Fast-Charging-Desktop-Charging-Station-EU-Plug-US-Plug-for-iPhone-16-16-Pro-15-14-13-Pro-Max-for-Xiaomi-15pro-for-Samsung-Galaxy-Z-Flip6-p-2028850.html?rmmds=PhonesFlashDeals&cur_warehouse=CN&ID=567116
Smartphones,,US$3.60,0,https://www.banggood.com/7A-USB-A-to-USB-C-Cable-Fast-Charging-Data-Transmission-Copper-Core-Line-1M-or-2M-Long-for-Oneplus-11-10T-9-9R-for-Huawei-Mate50-for-Samsung-Galaxy-S23-for-Redmi-K60-p-1990824.html?rmmds=PhonesFlashDeals&cur_warehouse=CN&ID=45764
Smartphones,,US$13.99,0,https://www.banggood.com/Lenovo-ERAZER-X9-TWS-Headset-Wireless-bluetooth-5_4-Earphone-20mm-Driver-Unit-DT7_0-ENC-Noise-Cancelling-84H-Playback-LED-Digital-Display-Earhooks-Sports-Headphones-p-2025216.html?rmmds=PhonesFlashDeals&cur_warehouse=CN&ID=6287830
Smartphones,,US$69.49,0,https://www.banggood.com/PICUN-F8-Pro-Wireless-bluetooth-5_4-Headset-Dual-Noise-Reduction-Headphone-ANC-ENC-Noise-Cancelling-40mm-Titanium-Plated-Diaphragm-Speaker-AAC-Audio-140H-Playback-Low-Delay-Removable-Earmuffs-Headphones-with-Mic-p-2029473.html?rmmds=PhonesFlashDeals&cur_warehouse=CN&ID=6287853
Smartphones,,US$36.99,0,https://www.banggood.com/EDIFIER-W280NB-Pro-bluetooth-Earphone-Neckband-Headset-ANC-45dB-Noise-Cancelling-AI-Call-Noise-Reduction-LDAC-Hi-Res-Audio-23H-Playback-Low-Delay-IP55-Waterproof-Sports-Neckband-Headphones-p-2028799.html?rmmds=PhonesFlashDeals&cur_warehouse=CN&ID=6287830
Smartphones,,N/A,0,https://www.banggood.com/2024-World-PremiereNew-Zeblaze-Btalk-3-Plus-1_39-inch-Large-HD-Color-Display-Fitness-Tracking-HiFi-bluetooth-Phone-Calls-Health-and-Fitness-Tracking-Smart-Watch-p-2013717.html?rmmds=PhonesFlashDeals
Smartphones,,N/A,0,https://www.banggood.com/World-PremiereZeblaze-Lily-2-1_2inch-AMOLED-Double-Straps-bluetooth-Call-Heart-Rate-Blood-Pressure-Blood-Oxygen-Monitor-Sleep-Monitoring-Breathe-Training-Womens-Health-Multi-sport-Modes-IP68-Waterproof-Smart-Watch-p-2027349.html?rmmds=PhonesFlashDeals
Smartphones,,N/A,0,https://www.banggood.com/2024-World-PremiereZeblaze-Btalk-3-Pro-1_43inch-AMOLED-Display-bluetooth-Call-Heart-Rate-Blood-Pressure-SpO2-Monitor-Breathing-Training-Womens-Health-Sleep-Monitoring-Multi-sport-Modes-Music-Playback-IP68-Waterproof-Smart-Watch-p-2009202.html?rmmds=PhonesFlashDeals
Smartphones,,N/A,0,https://www.banggood.com/Realme-Buds-Air-7-Pro-TWS-bluetooth-5_4-Earbuds-Wireless-ANC-Earphone-Hi-Res-LHDC5_0-Audio-53dB-Noise-Cancelling-6-Mic-AI-Call-Noise-Reduction-3D-Surround-Sound-48H-Playback-Low-Delay-AI-Simultaneous-Interpretation-In-ear-Sports-Headphones-p-2033719.html?rmmds=PhonesFlashDeals
Smartphones,,N/A,0,https://www.banggood.com/Realme-Buds-Air7-ANC-Earbuds-Wireless-bluetooth-5_4-Earphone-52dB-Depth-Noise-Cancelling-AI-Call-Noise-Reduction-LHDC-Hi-Res-12_4mm-Deep-Bass-Driver-3D-Surround-Sound-45ms-Low-Delay-52H-Playback-Sports-Headphones-p-2029761.html?rmmds=PhonesFlashDeals
Smartphones,,N/A,0,https://www.banggood.com/Realme-Buds-T310-bluetooth-Headset-Wireless-ANC-Earphone-46dB-Depth-Noise-Cancelling-AI-Call-Noise-Reduction-3D-Surround-Sound-40H-Battery-Life-Low-Game-Delay-In-ear-Sports-Headphones-p-2021681.html?rmmds=PhonesFlashDeals
Smartphones,,N/A,0,https://www.banggood.com/OnePlus-Buds-Ace2-TWS-bluetooth-5_4-Headset-Wireless-ANC-Earphone-12_4mm-Large-Moving-Coil-Deep-Bass-Dual-Mic-AI-Call-Noise-Cancelling-43H-Playback-IP55-Waterproof-Low-Game-Delay-In-ear-Sports-Headphones-p-2028410.html?rmmds=PhonesFlashDeals
Smartphones,,N/A,0,https://www.banggood.com/Oneplus-Buds-3V-TWS-Earbuds-bluetooth-5_4-Earphone-12_4mm-Large-Moving-Coil-3D-Spatial-Sound-Dual-Mic-AI-Call-Noise-Cancelling-54H-Playback-47ms-Low-Delay-AI-Translation-Sports-Headphones-p-2042783.html?rmmds=PhonesFlashDeals
Smartphones,,N/A,0,https://www.banggood.com/OnePlus-Buds-3-TWS-Wireless-Earphone-bluetooth-Earbuds-LHDC-49dB-Active-Noise-Canceling-44h-Battery-Life-Headphones-with-Mic-p-2007584.html?rmmds=PhonesFlashDeals
Smartphones,,N/A,0,https://www.banggood.com/HUAWEI-FreeBuds-6i-TWS-bluetooth-Earbuds-Wireless-ANC-Earphone-27dB-Depth-Noise-Cancelling-3-Mic-AI-Call-Noise-Reduction-Heavy-Bass35H-Playback-HarmonyOS-Interconnection-Sports-Headphones-p-2020162.html?rmmds=PhonesFlashDeals
Smartphones,,N/A,0,https://www.banggood.com/Huawei-FreeBuds-Pro-4-Wireless-bluetooth-Earphone-ANC-Earbuds-LDAC-Hi-Res-Audio-AI-Call-Noise-Cancelling-33H-Playback-Smart-AI-Interactive-Connection-In-ear-Sports-Headphones-p-2027321.html?rmmds=PhonesFlashDeals
Smartphones,,N/A,0,https://www.banggood.com/Huawei-FreeBuds-SE3-TWS-Earbuds-Wireless-bluetooth-5_4-Earphone-Stereo-Sound-42H-Playback-IP54-Waterproof-Smart-Connection-Semi-in-ear-Sports-Light-Portable-Headphones-p-2028800.html?rmmds=PhonesFlashDeals
Home & Garden,,US$31.99,0,https://www.banggood.com/Upgrade-Version-Wheel-Five-Sided-Magnetic-Knife-Sharpener-Roller-Knife-Sharpener-Five-Sided-Magnetic-Knife-Sharpener-Whetstone-p-2017980.html?rmmds=FurnitureFlashDeals&cur_warehouse=CN&ID=0
Home & Garden,,US$45.99,0,https://www.banggood.com/Elfeland-Multifunctional-Starry-Sky-Projector-Lamp-with-13-Star-Films-Bluetooth-Speaker-Night-Light-White-Noise-Sleep-Aid-Sounds-Time-Display-Alarm-Remote-Control-p-2028444.html?rmmds=FurnitureFlashDeals&cur_warehouse=CN&ID=6287845
Home & Garden,,US$37.49,0,https://www.banggood.com/BlitzWill-BW-PLT2-Smart-Star-Projector-with-Star-and-Colorful-LED-Nebula-6-Theme-Film-Slides-bluetooth-Speaker-White-Noise-Alarm-APPand-Voice-Control-p-2040339.html?rmmds=FurnitureFlashDeals&cur_warehouse=CN&ID=6287845
Home & Garden,,US$24.99,0,https://www.banggood.com/9-Inch-Large-Digital-Wall-Clock-Temperature-Date-Week-Timing-Countdown-Light-sensing-Table-Clock-2-Alarm-12-or-24H-LED-Alarm-Clock-p-2005591.html?rmmds=FurnitureFlashDeals&cur_warehouse=CN&ID=6287844
Home & Garden,,US$45.99,0,https://www.banggood.com/AGSIVO-16L-Smart-Induction-Touchless-Trash-Can-Waste-Bin-With-Motion-Sensor-and-Rechargeable-Battery-For-Kitchen-Bedroom-Bathroom-Office-p-1995658.html?rmmds=FurnitureFlashDeals&cur_warehouse=CN&ID=6287845
Home & Garden,,US$27.99,0,https://www.banggood.com/E27-50W-220V-Ceiling-Fan-Bulb-With-LED-Light-And-Remote-Control-Chandelier-RGB-Color-Dimmable-Ventillator-Lamp-For-Home-Lighting-p-2012315.html?rmmds=FurnitureFlashDeals&cur_warehouse=CN&ID=0
Home & Garden,,US$14.99,0,https://www.banggood.com/LED-Display-Household-Water-Shower-Thermometer-5-85--Flow-Self-Powered-Water-Thermometer-Monitoring-Baby-Care-Energy-Smart-Meter-p-2024785.html?rmmds=FurnitureFlashDeals&cur_warehouse=CN&ID=6301533
Home & Garden,,US$14.99,0,https://www.banggood.com/Automatic-Electric-Wine-Openers-USB-Rechargeable-Bottle-Openers-Corkscrew-Wine-Cap-Opener-p-2017694.html?rmmds=FurnitureFlashDeals&cur_warehouse=CN&ID=514943
Home & Garden,,US$8.49,0,https://www.banggood.com/Elfeland-Motion-Sensor-Cabinet-Light-Rechargeable-Night-Light-for-Closets-Cabinets-Kitchens-Cupboards-p-1977697.html?rmmds=FurnitureFlashDeals&cur_warehouse=CN&ID=341962878536297159
Home & Garden,,US$29.99,0,https://www.banggood.com/4-or-6-Pack-TUYA-WIFI-Smart-Wall-Lamp-RGB-Music-Sync-LED-Modern-Decor-Downlight-Simple-Wall-Light-Work-With-Alexa-Google-Assistant-p-2015248.html?rmmds=FurnitureFlashDeals&cur_warehouse=CN&ID=514326566378
Home & Garden,,US$18.99,0,https://www.banggood.com/LED-Mirror-Alarm-Clock-Big-Screen-Temperature-and-Humidity-Display-with-Radio-and-Time-Projection-Function-Electronic-Clock-Rechargeable-p-1751898.html?rmmds=FurnitureFlashDeals&cur_warehouse=CN&ID=46865
Home & Garden,,US$33.99,0,https://www.banggood.com/15L-Automatic-Trash-Can-with-Smart-Sensor-Easy-Fast-Packing-Non-contact-Trash-Can-with-Lid-Waterproof-Sensor-Trash-Can-for-Kitchen-Bathroom-Office-p-2033056.html?rmmds=FurnitureFlashDeals&cur_warehouse=CN&ID=6287845
Home & Garden,,US$39.99,0,https://www.banggood.com/XIAOMI-MIJIA-D20-Smart-Ceiling-Light-900LM-17W-Ceiling-Lamp-AC100~240V-Suitable-For-Corridors-Balconies-Entrances-p-2028895.html?rmmds=FurnitureFlashDeals&cur_warehouse=CN&ID=6287845
Home & Garden,,US$22.99,0,https://www.banggood.com/High-Pressure-Booster-Toilet-Spray-Gun-Faucet-Copper-Dual-Control-Valve-Handheld-Bidet-Sprayer-Toilet-Cleaning-Hygienic-Shower-for-Bathroom-Accessories-p-2004597.html?rmmds=FurnitureFlashDeals&cur_warehouse=CN&ID=0
Home & Garden,,US$15.49,0,https://www.banggood.com/LIXINCORDA-Astronaut-Starry-Sky-Projection-Lamp-Starry-Sky-Atmosphere-Night-Light-Astronaut-Nebula-Projector-Lamp-p-2027886.html?rmmds=FurnitureFlashDeals&cur_warehouse=CN&ID=515244
Home & Garden,,US$8.69,0,https://www.banggood.com/RGB-Pickup-Lights-Sound-Control-LED-Light-Smart-App-Control-Color-Rhythm-Ambient-Lamp-For-Car-or-Game-Computer-Desktop-Decorative-Light-p-1984834.html?rmmds=FurnitureFlashDeals&cur_warehouse=CN&ID=5223026287845
Home & Garden,,US$21.99,0,https://www.banggood.com/AGSIVO-13-Inch-Digital-Wall-Clock-Large-LED-Display-with-Remote-Control-or-Automatic-Brightness-or-Indoor-Temperature-or-Date-or-Week-or-12-or-24H-For-Home-Office-Classroom-p-1998530.html?rmmds=FurnitureFlashDeals&cur_warehouse=CN&ID=226
Home & Garden,,US$43.99,0,https://www.banggood.com/AGSIVO-3000W-220V-Instant-Electric-Water-Heater-Faucet-Tap-Tankless-LED-Digital-Display-EU-Plug-for-Kitchen-Bathroom-p-1995245.html?rmmds=FurnitureFlashDeals&cur_warehouse=CN&ID=512748
Home & Garden,,US$8.99,0,https://www.banggood.com/Portable-Desk-Lamp-Reading-Light-360-Degree-Adjustable-Dimming-Eye-Caring-Bedroom-Bedside-Lamps-LED-Desk-Lamp-for-Home-Office-p-2015244.html?rmmds=FurnitureFlashDeals&cur_warehouse=CN&ID=6286322
Home & Garden,,US$22.99,0,https://www.banggood.com/LED-Digital-Ambient-Light-Wall-Clock-Remote-Control-Electronic-Mute-Clock-with-Temperature-Humitimy-Date-Week-Display-Timing-Function-Clock-p-2005988.html?rmmds=FurnitureFlashDeals&cur_warehouse=CN&ID=6287832
Home & Garden,,US$11.99,0,https://www.banggood.com/16_4ft-or-32_8ft-or-65_6ft-iDeal-LED-Colorful-USB-LED-Decorative-String-Lights-with-App-Control-Bluetooth-Remote-IP66-Waterproof-for-Holiday-Room-Decoration-p-2022894.html?rmmds=FurnitureFlashDeals&cur_warehouse=CN&ID=6329678
Home & Garden,,US$16.99,0,https://www.banggood.com/IDeal-LED-APP-Smart-Festival-Decoration-Small-White-Ball-USB-Magic-Color-Point-Control-Light-String-Villa-8-Function-Leather-Line-Light-String-Garden-Starry-Sky-Decorative-Light-p-2024663.html?rmmds=FurnitureFlashDeals&cur_warehouse=CN&ID=6329678
Home & Garden,,US$27.99,0,"https://www.banggood.com/30W-Smart-LED-Ceiling-Light-Dimmable-Ceiling-Light-Fixture-2700K~6500K,RGB-Ambient-Light-Work-with-Alexa-Google-Home-for-Bedroom-Living-Room-p-2016798.html?rmmds=FurnitureFlashDeals&cur_warehouse=CN&ID=0"
Home & Garden,,US$9.99,0,https://www.banggood.com/Modern-Melody-Music-Note-Key-Holder-Storage-Box-Rack-Wall-Mounted-Key-Holder-Guitar-Keyring-Hook-Holder-with-4-Guitar-Plugs-p-2033875.html?rmmds=FurnitureFlashDeals&cur_warehouse=CN&ID=6287830
Home & Garden,,US$45.99,0,https://www.banggood.com/Vintage-Flip-Clock-12-Hour-Automatic-Flip-Clock-Retro-Stainless-Steel-Desk-Clock-Large-Time-Display-Clock-for-Living-Room-Bedroom-Household-p-2020316.html?rmmds=FurnitureFlashDeals&cur_warehouse=CN&ID=6288118
Home & Garden,,US$14.99,0,https://www.banggood.com/Elfeland-LED-Astronaut-Starry-Sky-Light-Projection-Night-Lamp-8-Dynamic-Lighting-Modes-Water-Ripple-Atmosphere-Lamp-Astronaut-Projection-Lamp-p-2034052.html?rmmds=FurnitureFlashDeals&cur_warehouse=CN&ID=6287845
Home & Garden,,US$19.99,0,https://www.banggood.com/4-Adjustable-Drip-Arrow-Intelligent-Automatic-Watering-Machine-Watering-Device-Timing-Artifact-Potted-Garden-Plant-Spray-Drip-Irrigation-p-2029162.html?rmmds=FurnitureFlashDeals&cur_warehouse=CN&ID=6292509
Home & Garden,,US$13.99,0,https://www.banggood.com/6-in-1-Digital-Soil-Tester-PH-Meter-Fertility-Soil-Moisture-Sunlight-Ambient-Humidity-Temperature-Monitor-Detector-Garden-Soil-Analyzer-p-2027889.html?rmmds=FurnitureFlashDeals&cur_warehouse=CN&ID=6287830
Home & Garden,,US$93.99,0,https://www.banggood.com/Magnetic-Levitation-Globe-LED-Moon-Floating-Romantic-Lamp-Suspended-3D-Moon-Lamp-Rotating-Globe-Bedside-Lamp-p-2028727.html?rmmds=FurnitureFlashDeals&cur_warehouse=CN&ID=471846309146
Home & Garden,,US$19.99,0,https://www.banggood.com/Home-Kitchen-Electric-Milling-Machine-Multipurpose-Electric-Coffee-Bean-Grinding-Tool-Stainless-Steel-Milling-Machine-for-Seeds-Spices-Herbs-Nuts-Coffee-Grinder-p-2028257.html?rmmds=FurnitureFlashDeals&cur_warehouse=CN&ID=6294522
Home & Garden,,US$14.99,0,https://www.banggood.com/AGSIVO-4-Inch-Loud-Alarm-Clock-Twin-Bell-Analog-for-Heavy-Sleepers-Silent-Non-Ticking-Quartz-with-Backlight-p-2000038.html?rmmds=FurnitureFlashDeals&cur_warehouse=CN&ID=6287853
Home & Garden,,US$24.99,0,https://www.banggood.com/4000K-Full-Spectrum-LED-Ceiling-Lamp-Modern-Simple-Bedroom-Lamp-Thin-Thickness-for-Living-Room-Bedroom-Kitchen-p-2032115.html?rmmds=FurnitureFlashDeals&cur_warehouse=CN&ID=6289598
Home & Garden,,US$9.99,0,https://www.banggood.com/LIXINCORDA-5m~20m-Smart-RGBIC-LED-String-Lights-Music-Sync-IP68-Waterproof-APP-or-Remote-or-Voice-Control-With-Alexa-or-Google-Christmas-Decoration-p-2023681.html?rmmds=FurnitureFlashDeals&cur_warehouse=CN&ID=44707
Home & Garden,,US$18.99,0,https://www.banggood.com/Yeelight-RGB-Magnetic-Sensor-Night-Light-Dual-Sensor-30-LED-Soft-Glow-750mAh-Type-C-Rechargeable-Magnetic-Night-Lamp-p-2037102.html?rmmds=FurnitureFlashDeals&cur_warehouse=CN&ID=6309312
Home & Garden,,US$32.99,0,https://www.banggood.com/30cm-24W-Full-Spectrum-Smart-LED-Ceiling-Lamp-3-Color-Temperatures-Modern-Simple-for-5~10-Bedroom-Living-Room-Balcony-Corridor-p-2031615.html?rmmds=FurnitureFlashDeals&cur_warehouse=CN&ID=6287845
Home & Garden,,US$44.99,0,https://www.banggood.com/304-Stainless-Steel-Kitchen-Faucet-Pull-Out-Rotation-Waterfall-Stream-Sprayer-Brushed-Nickel-High-Efficiency-Cleaning-Elegant-Design-Sink-Mixer-Tap-Accessory-p-2013686.html?rmmds=FurnitureFlashDeals&cur_warehouse=CN&ID=6287853
Home & Garden,,US$23.99,0,https://www.banggood.com/10-Ribs-Fully-Automatic-Handle-Umbrella-106cm-Detachable-Handle-Reverse-Opening-UV-Umbrella-with-Windproof-Reflective-Stripe-Reverse-Fold-Umbrella-Carabiner-Travel-p-2015794.html?rmmds=FurnitureFlashDeals&cur_warehouse=CN&ID=6287848
Home & Garden,,US$31.99,0,https://www.banggood.com/UFO-CLOCK-Creative-Weather-Clock-LED-Display-Multi-function-UFO-CLOCK-Creative-Weather-Stock-Exchange-Rate-Clock-p-2027131.html?rmmds=FurnitureFlashDeals&cur_warehouse=CN&ID=6323376
Home & Garden,,US$29.99,0,https://www.banggood.com/4000mAh-Air-Circulation-Silent-Fan-Portable-Air-Circulator-Fan-3-Speed-Adjustment-Battery-Operated-Fan-Personal-Table-Fan-for-Home-Office-Bedroom-p-2016790.html?rmmds=FurnitureFlashDeals&cur_warehouse=CN&ID=6287836
Home & Garden,,US$12.99,0,https://www.banggood.com/Honana-WX-T32-Portable-Hand-Held-Mini-Sewing-Machine-Clothes-Fabric-Pocket-For-DIY-Needlework-p-1178022.html?rmmds=FurnitureFlashDeals&cur_warehouse=CN&ID=0
Home & Garden,,US$14.99,0,https://www.banggood.com/Mouse-Repeller-Solar-Powered-Courtyard-Balcony-Household-Ultrasonic-Animal-Repeller-Bird-Repeller-Household-Ultrasonic-Animal-Repeller-p-2023579.html?rmmds=FurnitureFlashDeals&cur_warehouse=CN&ID=6287563
Home & Garden,,US$19.99,0,https://www.banggood.com/Handheld-Bidet-Sprayer-Set-304-Stainless-Steel-Sprayer-Shower-Toilet-Bidet-Faucet-Nozzle-Self-Cleaning-p-2032473.html?rmmds=FurnitureFlashDeals&cur_warehouse=CN&ID=6287853
Home & Garden,,US$9.99,0,https://www.banggood.com/Digital-Alarm-Clock-12-or-24H-Electronic-Alarm-Clock-Voice-activated-Backlight-Temperature-Humidity-Nightlight-Table-Clocks-with-Snooze-Function-p-2005989.html?rmmds=FurnitureFlashDeals&cur_warehouse=CN&ID=6287830
Home & Garden,,US$25.99,0,https://www.banggood.com/Extra-Large-125cm-Automatic-Umbrella-10-Ribs-Water-Resistant-50+-UV-Protection-With-Carabiner-Handle-Anti-slip-Handle-Protective-Sleeve-Fold-Umbrella-p-2015522.html?rmmds=FurnitureFlashDeals&cur_warehouse=CN&ID=6287832
Home & Garden,,US$13.19,0,https://www.banggood.com/Xiaomi-Mijia-Night-Light-3-With-Motion-Sensor-and-Light-Sensor-600mah-Rechargeable-Adjustable-Brightness-Night-Lamp-p-2020517.html?rmmds=FurnitureFlashDeals&cur_warehouse=CN&ID=6291855
Home & Garden,,US$29.99,0,https://www.banggood.com/Elfeland-18-Inch-E27-Screw-Head-Fan-Light-Remote-Control-Three-Color-Dimming-Detachable-Fan-Leaf-Household-Silent-Small-Fan-Light-p-2011637.html?rmmds=FurnitureFlashDeals&cur_warehouse=CN&ID=0
Home & Garden,,US$21.99,0,https://www.banggood.com/Electronic-Wall-Clock-Temperature-Humidity-Display-Metal-Brushed-Multifunctional-Wall-Clock-Digital-LED-Electronic-Alarm-Clock-p-2033901.html?rmmds=FurnitureFlashDeals&cur_warehouse=CN&ID=62878456301877
Home & Garden,,US$13.99,0,https://www.banggood.com/Tevorex-Portable-Ceiling-Fans-7200mAh-Outdoor-Camping-Fan-with-Remote-Control-LED-Lighting-Tent-Ventilator-Cooler-Rechargeable-Electric-Fan-p-2016509.html?rmmds=FurnitureFlashDeals&cur_warehouse=CN&ID=6327195
Home & Garden,,N/A,0,https://www.banggood.com/Xiaomi-Mijia-T100-Sonic-Electric-Toothbrush-Rechargeable-IPX7-Waterproof-16500-rpm-High-Frequency-Vibration-30-Days-Endurance-Lightweight-Travel-Ready-Blue-White-Pink-p-2015205.html?rmmds=FurnitureFlashDeals
Home & Garden,,N/A,0,https://www.banggood.com/Xiaomi-Mijia-T700-Sonic-Electric-Toothbrush-with-Smart-LED-Screen-Wireless-Fast-Charging-High-Quality-DuPont-Bristles-IPX7-Waterproof-App-Support-for-Modern-Oral-Care-Experience-p-2015203.html?rmmds=FurnitureFlashDeals
Home & Garden,,N/A,0,https://www.banggood.com/Xiaomi-Mijia-Smart-LED-Corridor-Night-Light-Sensor-Induction-Night-Lamp-Automatic-Lighting-For-Home-Corridor-Bedroom-p-2020293.html?rmmds=FurnitureFlashDeals
Home & Garden,,N/A,0,https://www.banggood.com/Kemei-Classic-Rechargeable-Electric-Shaver-for-Men-Versatile-Grooming-Tool-with-Twin-Blade-Safety-Features-Compact-Design-Ideal-for-Face-Body-Bikini-Underarm-Use-p-2014191.html?rmmds=FurnitureFlashDeals
Home & Garden,,N/A,0,https://www.banggood.com/Kemei-Model-KM-2026-or-KM-2027-Electric-Shaver-Rechargeable-Beard-and-Hair-Trimmer-with-Two-Floating-Razor-Heads-120-Minutes-Usage-Time-Simple-Cleaning-and-Maintenance-Black-or-Green-p-2015208.html?rmmds=FurnitureFlashDeals
Home & Garden,,N/A,0,https://www.banggood.com/Kemei-4-in-1-Nose-Ear-Hair-Trimmer-with-High-Quality-Stainless-Steel-Blades-Washable-and-Replaceable-Trimming-Head-Compact-Portable-Design-60-minutes-Working-Time-with-Charging-Indicator-p-2015207.html?rmmds=FurnitureFlashDeals
Home & Garden,,N/A,0,https://www.banggood.com/Baseus-IPX8-Certificated-Waterproof-Phone-Pouch-Bag-Explosion-proof-Anti-fog-Airbag-Case-with-Lanyard-For-Phones-Under-7_2-Inches-For-Samsung-Galaxy-S23-Ultra-For-Samsung-Galaxy-S23-Ultra-For-iPhone-14-Pro-Max-p-1995043.html?rmmds=FurnitureFlashDeals
Home & Garden,,N/A,0,https://www.banggood.com/Baseus-Magnetic-Stepless-Dimming-Charging-Desk-Lamp-Adjustable-Angles-One-Touch-Control-Punch-Free-Installation-Space-Gray-p-1992850.html?rmmds=FurnitureFlashDeals
Home & Garden,,N/A,0,https://www.banggood.com/Baseus-Smart-Eye-Rechargeable-Folding-Reading-Desk-Lamp-White-Shell-Eye-Protection-Three-color-Mode-Adjustable-Brightness-Study-LED-Lamp-p-2007169.html?rmmds=FurnitureFlashDeals
Home & Garden,,N/A,0,https://www.banggood.com/Suleve-MXNW2-100pcs-M2-M3-M4-M5-White-Nylon-Flat-Washer-Gasket-Thickness-1mm-p-1262022.html?rmmds=FurnitureFlashDeals
Home & Garden,,N/A,0,https://www.banggood.com/140pcs-M2-Nylon-Hex-Spacers-Screw-Nut-Assortment-Stand-off-Accessories-Kit-Set-p-996104.html?rmmds=FurnitureFlashDeals
Home & Garden,,N/A,0,https://www.banggood.com/Suleve-50Pcs-M4ZN1-M4-8mm-Zinc-Alloy-Wood-Furniture-Hex-Socket-Drive-Head-Screw-in-Threaded-Insert-Nut-p-1207425.html?rmmds=FurnitureFlashDeals
Home & Garden,,US$31.99,0,https://www.banggood.com/Upgrade-Version-Wheel-Five-Sided-Magnetic-Knife-Sharpener-Roller-Knife-Sharpener-Five-Sided-Magnetic-Knife-Sharpener-Whetstone-p-2017980.html?rmmds=FurnitureFlashDeals&cur_warehouse=CN&ID=0
Home & Garden,,US$45.99,0,https://www.banggood.com/Elfeland-Multifunctional-Starry-Sky-Projector-Lamp-with-13-Star-Films-Bluetooth-Speaker-Night-Light-White-Noise-Sleep-Aid-Sounds-Time-Display-Alarm-Remote-Control-p-2028444.html?rmmds=FurnitureFlashDeals&cur_warehouse=CN&ID=6287845
Home & Garden,,US$37.49,0,https://www.banggood.com/BlitzWill-BW-PLT2-Smart-Star-Projector-with-Star-and-Colorful-LED-Nebula-6-Theme-Film-Slides-bluetooth-Speaker-White-Noise-Alarm-APPand-Voice-Control-p-2040339.html?rmmds=FurnitureFlashDeals&cur_warehouse=CN&ID=6287845
Home & Garden,,US$24.99,0,https://www.banggood.com/9-Inch-Large-Digital-Wall-Clock-Temperature-Date-Week-Timing-Countdown-Light-sensing-Table-Clock-2-Alarm-12-or-24H-LED-Alarm-Clock-p-2005591.html?rmmds=FurnitureFlashDeals&cur_warehouse=CN&ID=6287844
Home & Garden,,US$45.99,0,https://www.banggood.com/AGSIVO-16L-Smart-Induction-Touchless-Trash-Can-Waste-Bin-With-Motion-Sensor-and-Rechargeable-Battery-For-Kitchen-Bedroom-Bathroom-Office-p-1995658.html?rmmds=FurnitureFlashDeals&cur_warehouse=CN&ID=6287845
Home & Garden,,US$27.99,0,https://www.banggood.com/E27-50W-220V-Ceiling-Fan-Bulb-With-LED-Light-And-Remote-Control-Chandelier-RGB-Color-Dimmable-Ventillator-Lamp-For-Home-Lighting-p-2012315.html?rmmds=FurnitureFlashDeals&cur_warehouse=CN&ID=0
Home & Garden,,US$14.99,0,https://www.banggood.com/LED-Display-Household-Water-Shower-Thermometer-5-85--Flow-Self-Powered-Water-Thermometer-Monitoring-Baby-Care-Energy-Smart-Meter-p-2024785.html?rmmds=FurnitureFlashDeals&cur_warehouse=CN&ID=6301533
Home & Garden,,US$14.99,0,https://www.banggood.com/Automatic-Electric-Wine-Openers-USB-Rechargeable-Bottle-Openers-Corkscrew-Wine-Cap-Opener-p-2017694.html?rmmds=FurnitureFlashDeals&cur_warehouse=CN&ID=514943
Home & Garden,,US$8.49,0,https://www.banggood.com/Elfeland-Motion-Sensor-Cabinet-Light-Rechargeable-Night-Light-for-Closets-Cabinets-Kitchens-Cupboards-p-1977697.html?rmmds=FurnitureFlashDeals&cur_warehouse=CN&ID=341962878536297159
Home & Garden,,US$29.99,0,https://www.banggood.com/4-or-6-Pack-TUYA-WIFI-Smart-Wall-Lamp-RGB-Music-Sync-LED-Modern-Decor-Downlight-Simple-Wall-Light-Work-With-Alexa-Google-Assistant-p-2015248.html?rmmds=FurnitureFlashDeals&cur_warehouse=CN&ID=514326566378
Home & Garden,,US$18.99,0,https://www.banggood.com/LED-Mirror-Alarm-Clock-Big-Screen-Temperature-and-Humidity-Display-with-Radio-and-Time-Projection-Function-Electronic-Clock-Rechargeable-p-1751898.html?rmmds=FurnitureFlashDeals&cur_warehouse=CN&ID=46865
Home & Garden,,US$33.99,0,https://www.banggood.com/15L-Automatic-Trash-Can-with-Smart-Sensor-Easy-Fast-Packing-Non-contact-Trash-Can-with-Lid-Waterproof-Sensor-Trash-Can-for-Kitchen-Bathroom-Office-p-2033056.html?rmmds=FurnitureFlashDeals&cur_warehouse=CN&ID=6287845
Home & Garden,,US$39.99,0,https://www.banggood.com/XIAOMI-MIJIA-D20-Smart-Ceiling-Light-900LM-17W-Ceiling-Lamp-AC100~240V-Suitable-For-Corridors-Balconies-Entrances-p-2028895.html?rmmds=FurnitureFlashDeals&cur_warehouse=CN&ID=6287845
Home & Garden,,US$22.99,0,https://www.banggood.com/High-Pressure-Booster-Toilet-Spray-Gun-Faucet-Copper-Dual-Control-Valve-Handheld-Bidet-Sprayer-Toilet-Cleaning-Hygienic-Shower-for-Bathroom-Accessories-p-2004597.html?rmmds=FurnitureFlashDeals&cur_warehouse=CN&ID=0
Home & Garden,,US$15.49,0,https://www.banggood.com/LIXINCORDA-Astronaut-Starry-Sky-Projection-Lamp-Starry-Sky-Atmosphere-Night-Light-Astronaut-Nebula-Projector-Lamp-p-2027886.html?rmmds=FurnitureFlashDeals&cur_warehouse=CN&ID=515244
Home & Garden,,US$8.69,0,https://www.banggood.com/RGB-Pickup-Lights-Sound-Control-LED-Light-Smart-App-Control-Color-Rhythm-Ambient-Lamp-For-Car-or-Game-Computer-Desktop-Decorative-Light-p-1984834.html?rmmds=FurnitureFlashDeals&cur_warehouse=CN&ID=5223026287845
Home & Garden,,US$21.99,0,https://www.banggood.com/AGSIVO-13-Inch-Digital-Wall-Clock-Large-LED-Display-with-Remote-Control-or-Automatic-Brightness-or-Indoor-Temperature-or-Date-or-Week-or-12-or-24H-For-Home-Office-Classroom-p-1998530.html?rmmds=FurnitureFlashDeals&cur_warehouse=CN&ID=226
Home & Garden,,US$43.99,0,https://www.banggood.com/AGSIVO-3000W-220V-Instant-Electric-Water-Heater-Faucet-Tap-Tankless-LED-Digital-Display-EU-Plug-for-Kitchen-Bathroom-p-1995245.html?rmmds=FurnitureFlashDeals&cur_warehouse=CN&ID=512748
Home & Garden,,US$8.99,0,https://www.banggood.com/Portable-Desk-Lamp-Reading-Light-360-Degree-Adjustable-Dimming-Eye-Caring-Bedroom-Bedside-Lamps-LED-Desk-Lamp-for-Home-Office-p-2015244.html?rmmds=FurnitureFlashDeals&cur_warehouse=CN&ID=6286322
Home & Garden,,US$22.99,0,https://www.banggood.com/LED-Digital-Ambient-Light-Wall-Clock-Remote-Control-Electronic-Mute-Clock-with-Temperature-Humitimy-Date-Week-Display-Timing-Function-Clock-p-2005988.html?rmmds=FurnitureFlashDeals&cur_warehouse=CN&ID=6287832
Home & Garden,,US$11.99,0,https://www.banggood.com/16_4ft-or-32_8ft-or-65_6ft-iDeal-LED-Colorful-USB-LED-Decorative-String-Lights-with-App-Control-Bluetooth-Remote-IP66-Waterproof-for-Holiday-Room-Decoration-p-2022894.html?rmmds=FurnitureFlashDeals&cur_warehouse=CN&ID=6329678
Home & Garden,,US$16.99,0,https://www.banggood.com/IDeal-LED-APP-Smart-Festival-Decoration-Small-White-Ball-USB-Magic-Color-Point-Control-Light-String-Villa-8-Function-Leather-Line-Light-String-Garden-Starry-Sky-Decorative-Light-p-2024663.html?rmmds=FurnitureFlashDeals&cur_warehouse=CN&ID=6329678
Home & Garden,,US$27.99,0,"https://www.banggood.com/30W-Smart-LED-Ceiling-Light-Dimmable-Ceiling-Light-Fixture-2700K~6500K,RGB-Ambient-Light-Work-with-Alexa-Google-Home-for-Bedroom-Living-Room-p-2016798.html?rmmds=FurnitureFlashDeals&cur_warehouse=CN&ID=0"
Home & Garden,,US$9.99,0,https://www.banggood.com/Modern-Melody-Music-Note-Key-Holder-Storage-Box-Rack-Wall-Mounted-Key-Holder-Guitar-Keyring-Hook-Holder-with-4-Guitar-Plugs-p-2033875.html?rmmds=FurnitureFlashDeals&cur_warehouse=CN&ID=6287830
Home & Garden,,US$45.99,0,https://www.banggood.com/Vintage-Flip-Clock-12-Hour-Automatic-Flip-Clock-Retro-Stainless-Steel-Desk-Clock-Large-Time-Display-Clock-for-Living-Room-Bedroom-Household-p-2020316.html?rmmds=FurnitureFlashDeals&cur_warehouse=CN&ID=6288118
Home & Garden,,US$14.99,0,https://www.banggood.com/Elfeland-LED-Astronaut-Starry-Sky-Light-Projection-Night-Lamp-8-Dynamic-Lighting-Modes-Water-Ripple-Atmosphere-Lamp-Astronaut-Projection-Lamp-p-2034052.html?rmmds=FurnitureFlashDeals&cur_warehouse=CN&ID=6287845
Home & Garden,,US$19.99,0,https://www.banggood.com/4-Adjustable-Drip-Arrow-Intelligent-Automatic-Watering-Machine-Watering-Device-Timing-Artifact-Potted-Garden-Plant-Spray-Drip-Irrigation-p-2029162.html?rmmds=FurnitureFlashDeals&cur_warehouse=CN&ID=6292509
Home & Garden,,US$13.99,0,https://www.banggood.com/6-in-1-Digital-Soil-Tester-PH-Meter-Fertility-Soil-Moisture-Sunlight-Ambient-Humidity-Temperature-Monitor-Detector-Garden-Soil-Analyzer-p-2027889.html?rmmds=FurnitureFlashDeals&cur_warehouse=CN&ID=6287830
Home & Garden,,US$93.99,0,https://www.banggood.com/Magnetic-Levitation-Globe-LED-Moon-Floating-Romantic-Lamp-Suspended-3D-Moon-Lamp-Rotating-Globe-Bedside-Lamp-p-2028727.html?rmmds=FurnitureFlashDeals&cur_warehouse=CN&ID=471846309146
Home & Garden,,US$19.99,0,https://www.banggood.com/Home-Kitchen-Electric-Milling-Machine-Multipurpose-Electric-Coffee-Bean-Grinding-Tool-Stainless-Steel-Milling-Machine-for-Seeds-Spices-Herbs-Nuts-Coffee-Grinder-p-2028257.html?rmmds=FurnitureFlashDeals&cur_warehouse=CN&ID=6294522
Home & Garden,,US$14.99,0,https://www.banggood.com/AGSIVO-4-Inch-Loud-Alarm-Clock-Twin-Bell-Analog-for-Heavy-Sleepers-Silent-Non-Ticking-Quartz-with-Backlight-p-2000038.html?rmmds=FurnitureFlashDeals&cur_warehouse=CN&ID=6287853
Home & Garden,,US$24.99,0,https://www.banggood.com/4000K-Full-Spectrum-LED-Ceiling-Lamp-Modern-Simple-Bedroom-Lamp-Thin-Thickness-for-Living-Room-Bedroom-Kitchen-p-2032115.html?rmmds=FurnitureFlashDeals&cur_warehouse=CN&ID=6289598
Home & Garden,,US$9.99,0,https://www.banggood.com/LIXINCORDA-5m~20m-Smart-RGBIC-LED-String-Lights-Music-Sync-IP68-Waterproof-APP-or-Remote-or-Voice-Control-With-Alexa-or-Google-Christmas-Decoration-p-2023681.html?rmmds=FurnitureFlashDeals&cur_warehouse=CN&ID=44707
Home & Garden,,US$18.99,0,https://www.banggood.com/Yeelight-RGB-Magnetic-Sensor-Night-Light-Dual-Sensor-30-LED-Soft-Glow-750mAh-Type-C-Rechargeable-Magnetic-Night-Lamp-p-2037102.html?rmmds=FurnitureFlashDeals&cur_warehouse=CN&ID=6309312
Home & Garden,,US$32.99,0,https://www.banggood.com/30cm-24W-Full-Spectrum-Smart-LED-Ceiling-Lamp-3-Color-Temperatures-Modern-Simple-for-5~10-Bedroom-Living-Room-Balcony-Corridor-p-2031615.html?rmmds=FurnitureFlashDeals&cur_warehouse=CN&ID=6287845
Home & Garden,,US$44.99,0,https://www.banggood.com/304-Stainless-Steel-Kitchen-Faucet-Pull-Out-Rotation-Waterfall-Stream-Sprayer-Brushed-Nickel-High-Efficiency-Cleaning-Elegant-Design-Sink-Mixer-Tap-Accessory-p-2013686.html?rmmds=FurnitureFlashDeals&cur_warehouse=CN&ID=6287853
Home & Garden,,US$23.99,0,https://www.banggood.com/10-Ribs-Fully-Automatic-Handle-Umbrella-106cm-Detachable-Handle-Reverse-Opening-UV-Umbrella-with-Windproof-Reflective-Stripe-Reverse-Fold-Umbrella-Carabiner-Travel-p-2015794.html?rmmds=FurnitureFlashDeals&cur_warehouse=CN&ID=6287848
Home & Garden,,US$31.99,0,https://www.banggood.com/UFO-CLOCK-Creative-Weather-Clock-LED-Display-Multi-function-UFO-CLOCK-Creative-Weather-Stock-Exchange-Rate-Clock-p-2027131.html?rmmds=FurnitureFlashDeals&cur_warehouse=CN&ID=6323376
Home & Garden,,US$29.99,0,https://www.banggood.com/4000mAh-Air-Circulation-Silent-Fan-Portable-Air-Circulator-Fan-3-Speed-Adjustment-Battery-Operated-Fan-Personal-Table-Fan-for-Home-Office-Bedroom-p-2016790.html?rmmds=FurnitureFlashDeals&cur_warehouse=CN&ID=6287836
Home & Garden,,US$12.99,0,https://www.banggood.com/Honana-WX-T32-Portable-Hand-Held-Mini-Sewing-Machine-Clothes-Fabric-Pocket-For-DIY-Needlework-p-1178022.html?rmmds=FurnitureFlashDeals&cur_warehouse=CN&ID=0
Home & Garden,,US$14.99,0,https://www.banggood.com/Mouse-Repeller-Solar-Powered-Courtyard-Balcony-Household-Ultrasonic-Animal-Repeller-Bird-Repeller-Household-Ultrasonic-Animal-Repeller-p-2023579.html?rmmds=FurnitureFlashDeals&cur_warehouse=CN&ID=6287563
Home & Garden,,US$19.99,0,https://www.banggood.com/Handheld-Bidet-Sprayer-Set-304-Stainless-Steel-Sprayer-Shower-Toilet-Bidet-Faucet-Nozzle-Self-Cleaning-p-2032473.html?rmmds=FurnitureFlashDeals&cur_warehouse=CN&ID=6287853
Home & Garden,,US$9.99,0,https://www.banggood.com/Digital-Alarm-Clock-12-or-24H-Electronic-Alarm-Clock-Voice-activated-Backlight-Temperature-Humidity-Nightlight-Table-Clocks-with-Snooze-Function-p-2005989.html?rmmds=FurnitureFlashDeals&cur_warehouse=CN&ID=6287830
Home & Garden,,US$25.99,0,https://www.banggood.com/Extra-Large-125cm-Automatic-Umbrella-10-Ribs-Water-Resistant-50+-UV-Protection-With-Carabiner-Handle-Anti-slip-Handle-Protective-Sleeve-Fold-Umbrella-p-2015522.html?rmmds=FurnitureFlashDeals&cur_warehouse=CN&ID=6287832
Home & Garden,,US$13.19,0,https://www.banggood.com/Xiaomi-Mijia-Night-Light-3-With-Motion-Sensor-and-Light-Sensor-600mah-Rechargeable-Adjustable-Brightness-Night-Lamp-p-2020517.html?rmmds=FurnitureFlashDeals&cur_warehouse=CN&ID=6291855
Home & Garden,,US$29.99,0,https://www.banggood.com/Elfeland-18-Inch-E27-Screw-Head-Fan-Light-Remote-Control-Three-Color-Dimming-Detachable-Fan-Leaf-Household-Silent-Small-Fan-Light-p-2011637.html?rmmds=FurnitureFlashDeals&cur_warehouse=CN&ID=0
Home & Garden,,US$21.99,0,https://www.banggood.com/Electronic-Wall-Clock-Temperature-Humidity-Display-Metal-Brushed-Multifunctional-Wall-Clock-Digital-LED-Electronic-Alarm-Clock-p-2033901.html?rmmds=FurnitureFlashDeals&cur_warehouse=CN&ID=62878456301877
Home & Garden,,US$13.99,0,https://www.banggood.com/Tevorex-Portable-Ceiling-Fans-7200mAh-Outdoor-Camping-Fan-with-Remote-Control-LED-Lighting-Tent-Ventilator-Cooler-Rechargeable-Electric-Fan-p-2016509.html?rmmds=FurnitureFlashDeals&cur_warehouse=CN&ID=6327195
Home & Garden,,N/A,0,https://www.banggood.com/Xiaomi-Mijia-T100-Sonic-Electric-Toothbrush-Rechargeable-IPX7-Waterproof-16500-rpm-High-Frequency-Vibration-30-Days-Endurance-Lightweight-Travel-Ready-Blue-White-Pink-p-2015205.html?rmmds=FurnitureFlashDeals
Home & Garden,,N/A,0,https://www.banggood.com/Xiaomi-Mijia-T700-Sonic-Electric-Toothbrush-with-Smart-LED-Screen-Wireless-Fast-Charging-High-Quality-DuPont-Bristles-IPX7-Waterproof-App-Support-for-Modern-Oral-Care-Experience-p-2015203.html?rmmds=FurnitureFlashDeals
Home & Garden,,N/A,0,https://www.banggood.com/Xiaomi-Mijia-Smart-LED-Corridor-Night-Light-Sensor-Induction-Night-Lamp-Automatic-Lighting-For-Home-Corridor-Bedroom-p-2020293.html?rmmds=FurnitureFlashDeals
Home & Garden,,N/A,0,https://www.banggood.com/Kemei-Classic-Rechargeable-Electric-Shaver-for-Men-Versatile-Grooming-Tool-with-Twin-Blade-Safety-Features-Compact-Design-Ideal-for-Face-Body-Bikini-Underarm-Use-p-2014191.html?rmmds=FurnitureFlashDeals
Home & Garden,,N/A,0,https://www.banggood.com/Kemei-Model-KM-2026-or-KM-2027-Electric-Shaver-Rechargeable-Beard-and-Hair-Trimmer-with-Two-Floating-Razor-Heads-120-Minutes-Usage-Time-Simple-Cleaning-and-Maintenance-Black-or-Green-p-2015208.html?rmmds=FurnitureFlashDeals
Home & Garden,,N/A,0,https://www.banggood.com/Kemei-4-in-1-Nose-Ear-Hair-Trimmer-with-High-Quality-Stainless-Steel-Blades-Washable-and-Replaceable-Trimming-Head-Compact-Portable-Design-60-minutes-Working-Time-with-Charging-Indicator-p-2015207.html?rmmds=FurnitureFlashDeals
Home & Garden,,N/A,0,https://www.banggood.com/Baseus-IPX8-Certificated-Waterproof-Phone-Pouch-Bag-Explosion-proof-Anti-fog-Airbag-Case-with-Lanyard-For-Phones-Under-7_2-Inches-For-Samsung-Galaxy-S23-Ultra-For-Samsung-Galaxy-S23-Ultra-For-iPhone-14-Pro-Max-p-1995043.html?rmmds=FurnitureFlashDeals
Home & Garden,,N/A,0,https://www.banggood.com/Baseus-Magnetic-Stepless-Dimming-Charging-Desk-Lamp-Adjustable-Angles-One-Touch-Control-Punch-Free-Installation-Space-Gray-p-1992850.html?rmmds=FurnitureFlashDeals
Home & Garden,,N/A,0,https://www.banggood.com/Baseus-Smart-Eye-Rechargeable-Folding-Reading-Desk-Lamp-White-Shell-Eye-Protection-Three-color-Mode-Adjustable-Brightness-Study-LED-Lamp-p-2007169.html?rmmds=FurnitureFlashDeals
Home & Garden,,N/A,0,https://www.banggood.com/Suleve-MXNW2-100pcs-M2-M3-M4-M5-White-Nylon-Flat-Washer-Gasket-Thickness-1mm-p-1262022.html?rmmds=FurnitureFlashDeals
Home & Garden,,N/A,0,https://www.banggood.com/140pcs-M2-Nylon-Hex-Spacers-Screw-Nut-Assortment-Stand-off-Accessories-Kit-Set-p-996104.html?rmmds=FurnitureFlashDeals
Home & Garden,,N/A,0,https://www.banggood.com/Suleve-50Pcs-M4ZN1-M4-8mm-Zinc-Alloy-Wood-Furniture-Hex-Socket-Drive-Head-Screw-in-Threaded-Insert-Nut-p-1207425.html?rmmds=FurnitureFlashDeals
